{
 "L": 5.42146130691019e-05,
 "all variant sites": [],
 "aminoacid variant sites": [],
 "any variation": 18,
 "map": [
  0,
  1,
  2,
  3,
  4,
  5,
  6,
  7,
  8,
  9,
  10,
  11,
  12,
  13,
  14,
  15,
  16,
  17,
  18,
  19,
  20,
  21,
  22,
  23,
  24,
  25,
  26,
  27,
  28,
  29,
  30,
  31,
  32,
  33,
  34,
  35,
  36,
  37,
  38,
  39,
  40,
  41,
  42,
  43,
  44,
  45,
  46,
  47,
  48,
  49,
  50,
  51,
  52,
  53,
  54,
  55,
  56,
  57,
  58,
  59,
  60,
  61,
  62,
  63,
  64,
  65,
  66,
  67,
  68,
  69,
  70,
  71,
  72,
  73,
  74,
  75,
  76,
  77,
  78,
  79,
  80,
  81,
  82,
  83,
  84,
  85,
  86,
  87,
  88,
  89,
  90,
  91,
  92,
  93,
  94,
  95,
  96,
  97,
  98,
  99,
  100,
  101,
  102,
  103,
  104,
  105,
  106,
  107,
  108,
  109,
  110,
  111,
  112,
  113,
  114,
  115,
  116,
  117,
  118,
  119,
  120
 ],
 "p": 0.1,
 "selection": {},
 "sequences": 18,
 "sites": 121,
 "total sequences": 1484,
 "tree": "((epi_isl_416401_Shanghai_20200202_Illumina_1:0.002757,(epi_isl_416325_Shanghai_20200202_Illumina_1:0.002753,epi_isl_413214_New_South_Wales_20200229_Illumina_6:0.002753)Node3:1e-06)Node1:1e-06,((((epi_isl_402129_Hubei_20191230_Illumina_1:0.002756,epi_isl_417174_Washington_20200301_Illumina_1:0.002756)Node9:1e-06,(epi_isl_413486_Washington_20200301_Illumina_1:0.002756,epi_isl_416565_unknown_20200215_Illumina_3:0.002756)Node12:1e-06)Node8:1e-06,(epi_isl_416396_Shanghai_20200210_Illumina_1:0.00276,(epi_isl_416375_Shanghai_20200201_Illumina_1:0.002754,epi_isl_402128_Hubei_20191230_MGISEQ_1456:1e-06)Node17:1e-06)Node15:1e-06)Node7:1e-06,((epi_isl_416354_Shanghai_20200204_Illumina_1:0.005517,epi_isl_416446_Washington_20200310_Illumina_1:0.002756)Node21:1e-06,(((epi_isl_413875_Guangdong_20200210_multiplex_pcr_nanopore_1:0.009495,epi_isl_416700_Washington_20200313_Illumina_4:0.002756)Node26:1e-06,epi_isl_408488_Jiangsu_20200119_Illumina_1:0.002759)Node25:1e-06,(epi_isl_417379_Washington_20200315_Illumina_1:0.002753,epi_isl_408668_Thanh_Hoa_20200124_Illumina_2:0.002756)Node30:1e-06)Node24:1e-06)Node20:1e-06)Node6:1e-06,epi_isl_416432_Riyadh_20200307_null_1:0.002759)"
}