{
 "L": 0.014856251495077437,
 "map": [
  0,
  1,
  2,
  3,
  4,
  5,
  6,
  7,
  8,
  9,
  10,
  11,
  12,
  13,
  14,
  15,
  16,
  17,
  18,
  19,
  20,
  21,
  22,
  23,
  24,
  25,
  26,
  27,
  28,
  29,
  30,
  31,
  32,
  33,
  34,
  35,
  36,
  37,
  38,
  39,
  40,
  41,
  42,
  43,
  44,
  45,
  46,
  47,
  48,
  49,
  50,
  51,
  52,
  53,
  54,
  55,
  56,
  57,
  58,
  59,
  60,
  61,
  62,
  63,
  64,
  65,
  66,
  67,
  68,
  69,
  70,
  71,
  72,
  73,
  74,
  75,
  76,
  77,
  78,
  79,
  80,
  81,
  82,
  83,
  84,
  85,
  86,
  87,
  88,
  89,
  90,
  91,
  92,
  93,
  94,
  95,
  96,
  97,
  98,
  99,
  100,
  101,
  102,
  103,
  104,
  105,
  106,
  107,
  108,
  109,
  110,
  111,
  112,
  113,
  114,
  115,
  116,
  117,
  118,
  119,
  120
 ],
 "p": 0.1,
 "selection": {
  "83": {
   "composition": {
    "L": 27,
    "S": 19
   },
   "fel": 0.1122849406704988,
   "labels": {
    "Node10": [
     "S",
     "TCA",
     0,
     0
    ],
    "Node11": [
     "S",
     "TCA",
     0,
     0
    ],
    "Node12": [
     "S",
     "TCA",
     0,
     0
    ],
    "Node13": [
     "S",
     "TCA",
     0,
     0
    ],
    "Node14": [
     "S",
     "TCA",
     0,
     0
    ],
    "Node15": [
     "S",
     "TCA",
     0,
     0
    ],
    "Node19": [
     "S",
     "TCA",
     0,
     0
    ],
    "Node2": [
     "L",
     "TTA",
     0,
     0
    ],
    "Node28": [
     "L",
     "TTA",
     0,
     0
    ],
    "Node29": [
     "L",
     "TTA",
     0,
     0
    ],
    "Node3": [
     "L",
     "TTA",
     0,
     0
    ],
    "Node30": [
     "L",
     "TTA",
     0,
     0
    ],
    "Node31": [
     "L",
     "TTA",
     0,
     0
    ],
    "Node32": [
     "L",
     "TTA",
     0,
     0
    ],
    "Node35": [
     "L",
     "TTA",
     0,
     0
    ],
    "Node38": [
     "L",
     "TTA",
     0,
     0
    ],
    "Node39": [
     "L",
     "TTA",
     0,
     0
    ],
    "Node4": [
     "L",
     "TTA",
     0,
     0
    ],
    "Node45": [
     "L",
     "TTA",
     0,
     0
    ],
    "Node7": [
     "L",
     "TTA",
     0,
     0
    ],
    "Node8": [
     "S",
     "TCA",
     1,
     0
    ],
    "Node9": [
     "S",
     "TCA",
     0,
     0
    ],
    "epi_isl_402128_Hubei_20191230_MGISEQ_1075": [
     "L",
     "TTA",
     0,
     0
    ],
    "epi_isl_402129_Hubei_20191230_Illumina_1": [
     "L",
     "TTA",
     0,
     0
    ],
    "epi_isl_404253_Illinois_20200121_Sanger__425": [
     "S",
     "TCA",
     0,
     0
    ],
    "epi_isl_406534_Guangdong_20200122_null_14": [
     "S",
     "TCA",
     0,
     0
    ],
    "epi_isl_408668_Thanh_Hoa_20200124_Illumina_2": [
     "S",
     "TCA",
     0,
     0
    ],
    "epi_isl_412116_England_20200209_Illumina_1": [
     "S",
     "TCA",
     0,
     0
    ],
    "epi_isl_412900_Hubei_20191230_Illumina_1": [
     "L",
     "TTA",
     0,
     0
    ],
    "epi_isl_413873_Guangdong_20200228_multiplex_pcr_nanopore_2": [
     "L",
     "TTA",
     0,
     0
    ],
    "epi_isl_413894_Guangdong_20200228_multiplex_pcr_nanopore_1": [
     "S",
     "TCA",
     0,
     0
    ],
    "epi_isl_413928_California_20200305_Illumina_1": [
     "L",
     "TTA",
     0,
     0
    ],
    "epi_isl_414363_Washington_20200304_Illumina_3": [
     "L",
     "TTA",
     0,
     0
    ],
    "epi_isl_414934_Shandong_20200121_null_1": [
     "S",
     "TCA",
     0,
     0
    ],
    "epi_isl_415538_Wales_20200312_Nanopore_1": [
     "L",
     "TTA",
     0,
     0
    ],
    "epi_isl_416349_Shanghai_20200130_Illumina_4": [
     "S",
     "TCA",
     0,
     0
    ],
    "epi_isl_416411_Victoria_20200125_Ilumina_2": [
     "L",
     "TTA",
     0,
     0
    ],
    "epi_isl_416521_Saudi_Arabia_20200310_Illumina_2": [
     "S",
     "TCA",
     0,
     0
    ],
    "epi_isl_416666_Washington_20200312_Illumina_3": [
     "L",
     "TTA",
     0,
     0
    ],
    "epi_isl_416684_Washington_20200314_Illumina_1": [
     "S",
     "TCA",
     0,
     0
    ],
    "epi_isl_417281_England_20200306_Illumina_1": [
     "L",
     "TTA",
     0,
     0
    ],
    "epi_isl_417314_England_20200310_Illumina_1": [
     "L",
     "TTA",
     0,
     0
    ],
    "epi_isl_417324_California_20200304_Illumina_1": [
     "L",
     "TTA",
     0,
     0
    ],
    "epi_isl_417332_California_20200314_Illumina_1": [
     "S",
     "TCA",
     0,
     0
    ],
    "epi_isl_417422_Dilbeek_20200304_Nanopore_2": [
     "L",
     "TTA",
     0,
     0
    ],
    "epi_isl_417440_Kinshasa_20200317_Illumina_3": [
     "L",
     "TTA",
     0,
     0
    ]
   },
   "meme": 0.08313799883529516,
   "meme-branches": 1,
   "meme-fraction": 0.5628311075418859,
   "prime": [
    [
     "Factor III volume",
     0.008614393199423365,
     3.712120853787889
    ]
   ],
   "substitutions": [
    0,
    1
   ],
   "timing": {
    "L": {
     "20191226": 1,
     "20191230": 9,
     "20191231": 1,
     "20200101": 2,
     "20200105": 1,
     "20200108": 3,
     "20200110": 1,
     "20200111": 1,
     "20200113": 4,
     "20200114": 1,
     "20200115": 4,
     "20200116": 3,
     "20200117": 4,
     "20200118": 4,
     "20200119": 3,
     "20200120": 2,
     "20200121": 2,
     "20200122": 5,
     "20200123": 9,
     "20200124": 6,
     "20200125": 13,
     "20200126": 2,
     "20200127": 1,
     "20200128": 13,
     "20200129": 9,
     "20200130": 16,
     "20200131": 5,
     "20200201": 16,
     "20200202": 13,
     "20200203": 3,
     "20200204": 9,
     "20200205": 15,
     "20200206": 5,
     "20200207": 9,
     "20200208": 12,
     "20200209": 8,
     "20200210": 7,
     "20200211": 2,
     "20200212": 2,
     "20200215": 14,
     "20200216": 2,
     "20200217": 30,
     "20200218": 2,
     "20200219": 1,
     "20200220": 11,
     "20200221": 4,
     "20200222": 1,
     "20200223": 1,
     "20200224": 6,
     "20200225": 11,
     "20200226": 10,
     "20200227": 26,
     "20200228": 32,
     "20200229": 36,
     "20200301": 44,
     "20200302": 68,
     "20200303": 79,
     "20200304": 67,
     "20200305": 68,
     "20200306": 55,
     "20200307": 23,
     "20200308": 44,
     "20200309": 39,
     "20200310": 30,
     "20200311": 37,
     "20200312": 29,
     "20200313": 29,
     "20200314": 9,
     "20200315": 13,
     "20200316": 1,
     "20200317": 11,
     "20200318": 2,
     "20200320": 3,
     "20200321": 5
    },
    "S": {
     "20200102": 2,
     "20200118": 1,
     "20200119": 1,
     "20200120": 1,
     "20200121": 6,
     "20200122": 7,
     "20200123": 3,
     "20200124": 4,
     "20200125": 5,
     "20200126": 1,
     "20200127": 3,
     "20200128": 1,
     "20200129": 10,
     "20200130": 11,
     "20200131": 6,
     "20200201": 11,
     "20200202": 7,
     "20200203": 3,
     "20200204": 1,
     "20200205": 4,
     "20200206": 5,
     "20200207": 1,
     "20200208": 1,
     "20200209": 7,
     "20200210": 2,
     "20200211": 1,
     "20200212": 1,
     "20200213": 1,
     "20200214": 1,
     "20200215": 2,
     "20200217": 7,
     "20200218": 5,
     "20200219": 1,
     "20200220": 1,
     "20200221": 2,
     "20200223": 1,
     "20200224": 3,
     "20200225": 6,
     "20200226": 3,
     "20200227": 9,
     "20200228": 18,
     "20200229": 14,
     "20200301": 10,
     "20200302": 13,
     "20200303": 13,
     "20200304": 13,
     "20200305": 17,
     "20200306": 8,
     "20200307": 13,
     "20200308": 13,
     "20200309": 24,
     "20200310": 28,
     "20200311": 26,
     "20200312": 11,
     "20200313": 30,
     "20200314": 24,
     "20200315": 11,
     "20200316": 2,
     "20200320": 1,
     "20200321": 1
    }
   }
  },
  "120": {
   "composition": {
    "-": 2,
    "I": 42,
    "S": 2
   },
   "fel": 0.02491334043260907,
   "kind": "positive",
   "labels": {
    "Node10": [
     "I",
     "ATC",
     0,
     0
    ],
    "Node11": [
     "I",
     "ATC",
     0,
     0
    ],
    "Node12": [
     "I",
     "ATC",
     0,
     0
    ],
    "Node13": [
     "I",
     "ATC",
     0,
     0
    ],