{"sequences":24,"bl":{"Node34":0.001329547124009766,"epi_isl_402120_Hubei_20200101_null_3478":0,"epi_isl_414010_England_20200226_Illumina_1":0,"epi_isl_415144_England_20200227_Illumina_22":0,"epi_isl_415608_Washington_20200308_Illumina_7":0.005738855826989921,"epi_isl_415655_Wales_20200312_Nanopore_1":0.005738855804600121,"epi_isl_416620_unknown_20200217_Illumina_1":0.00573885581157604,"epi_isl_416636_Washington_20200312_Illumina_1":0.005747606560301144,"epi_isl_417356_Washington_20200313_Illumina_2":0.005727109089139645,"epi_isl_417368_USA_20200313_Illumina_1":0.005738855797189445,"epi_isl_417952_Madrid_20200309_Ion_1":0.03699413609508972,"epi_isl_418099_Wales_20200313_Illumina_1":0,"epi_isl_418141_Wales_20200313_Illumina_1":0,"epi_isl_418210_Touba_20200310_Illumina_6":0.005738855797170951,"epi_isl_418305_South_Yorkshire_20200325_Nanopore_1":0.005722004553228324,"epi_isl_418311_Derbyshire_20200325_Nanopore_1":0.0057315511160404,"epi_isl_418371_Ontario_20200307_Illumina_2":0.005721783933469222,"epi_isl_418431_ARA_20200318_Illumina_1":0.005738855790695605,"epi_isl_418750_England_20200318_Illumina_1":0.005731551131914364,"epi_isl_418861_Barcelona_20200324_null_1":0.00570421944652173,"epi_isl_419184_ARA_20200322_Illumina_1":0.00572710907018938,"epi_isl_419546_Duesseldorf_20200315_Nanopore_1":0,"epi_isl_419875_Victoria_20200318_Illumina_1":0.00572710907021651,"epi_isl_419898_Victoria_20200319_Illumina_1":0.005738855771940316,"epi_isl_419947_Victoria_20200321_Illumina_1":0.005738855804620687},"total sequences":3535,"aminoacid variant sites":[],"all variant sites":[{"GAT":21,"GAC":2,"AAA":1}],"any variation":22,"sites":63,"tree":"(epi_isl_419546_Duesseldorf_20200315_Nanopore_1,epi_isl_418371_Ontario_20200307_Illumina_2,epi_isl_416620_unknown_20200217_Illumina_1,epi_isl_402120_Hubei_20200101_null_3478,epi_isl_417368_USA_20200313_Illumina_1,(epi_isl_417356_Washington_20200313_Illumina_2,epi_isl_415144_England_20200227_Illumina_22)Node34,epi_isl_418210_Touba_20200310_Illumina_6,epi_isl_418861_Barcelona_20200324_null_1,epi_isl_418750_England_20200318_Illumina_1,epi_isl_418431_ARA_20200318_Illumina_1,epi_isl_418141_Wales_20200313_Illumina_1,epi_isl_415655_Wales_20200312_Nanopore_1,epi_isl_419875_Victoria_20200318_Illumina_1,epi_isl_418099_Wales_20200313_Illumina_1,epi_isl_419184_ARA_20200322_Illumina_1,epi_isl_419947_Victoria_20200321_Illumina_1,epi_isl_418311_Derbyshire_20200325_Nanopore_1,epi_isl_416636_Washington_20200312_Illumina_1,epi_isl_419898_Victoria_20200319_Illumina_1,epi_isl_415608_Washington_20200308_Illumina_7,epi_isl_417952_Madrid_20200309_Ion_1,epi_isl_418305_South_Yorkshire_20200325_Nanopore_1,epi_isl_414010_England_20200226_Illumina_1)","MAF":0.2,"L":0.001329547124009766,"p":0.1,"branch_names":["Node25","Node34","epi_isl_402120_Hubei_20200101_null_3478","epi_isl_414010_England_20200226_Illumina_1","epi_isl_415144_England_20200227_Illumina_22","epi_isl_415608_Washington_20200308_Illumina_7","epi_isl_415655_Wales_20200312_Nanopore_1","epi_isl_416620_unknown_20200217_Illumina_1","epi_isl_416636_Washington_20200312_Illumina_1","epi_isl_417356_Washington_20200313_Illumina_2","epi_isl_417368_USA_20200313_Illumina_1","epi_isl_417952_Madrid_20200309_Ion_1","epi_isl_418099_Wales_20200313_Illumina_1","epi_isl_418141_Wales_20200313_Illumina_1","epi_isl_418210_Touba_20200310_Illumina_6","epi_isl_418305_South_Yorkshire_20200325_Nanopore_1","epi_isl_418311_Derbyshire_20200325_Nanopore_1","epi_isl_418371_Ontario_20200307_Illumina_2","epi_isl_418431_ARA_20200318_Illumina_1","epi_isl_418750_England_20200318_Illumina_1","epi_isl_418861_Barcelona_20200324_null_1","epi_isl_419184_ARA_20200322_Illumina_1","epi_isl_419546_Duesseldorf_20200315_Nanopore_1","epi_isl_419875_Victoria_20200318_Illumina_1","epi_isl_419898_Victoria_20200319_Illumina_1","epi_isl_419947_Victoria_20200321_Illumina_1"],"selection":{},"map":[0,1,2,3,4,5,6,7,8,9,10,11,12,13,14,15,16,17,18,19,20,21,22,23,24,25,26,27,28,29,30,31,32,33,34,35,36,37,38,39,40,41,42,43,44,45,46,47,48,49,50,51,52,53,54,55,56,57,58,59,60,-9068,-9068],"dN/dS":{"internal":[[0,1]],"leaves":[[1.461321578488568,1]]}}