{
 "L": 0.005456721872736414,
 "map": [
  0,
  1,
  2,
  3,
  4,
  5,
  6,
  7,
  8,
  9,
  10,
  11,
  12,
  13,
  14,
  15,
  16,
  17,
  18,
  19,
  20,
  21,
  22,
  23,
  24,
  25,
  26,
  27,
  28,
  29,
  30,
  31,
  32,
  33,
  34,
  35,
  36,
  37,
  38,
  39,
  40,
  41,
  42,
  43,
  44,
  45,
  46,
  47,
  48,
  49,
  50,
  51,
  52,
  53,
  54,
  55,
  56,
  57,
  58,
  59,
  60,
  61,
  62,
  63,
  64,
  65,
  66,
  67,
  68,
  69,
  70,
  71,
  72,
  73,
  74,
  75,
  76,
  77,
  78,
  79,
  80,
  81,
  82,
  83,
  84,
  85,
  86,
  87,
  88,
  89,
  90,
  91,
  92,
  93,
  94,
  95,
  96,
  97,
  98,
  99,
  100,
  101,
  102,
  103,
  104,
  105,
  106,
  107,
  108,
  109,
  110,
  111,
  112,
  113,
  114,
  115,
  116,
  117,
  118,
  119,
  120
 ],
 "p": 0.1,
 "selection": {
  "46": {
   "composition": {
    "-": 1,
    "H": 61,
    "Y": 2
   },
   "fel": 0.002179123354762669,
   "kind": "positive",
   "labels": {
    "Node10": [
     "H",
     "CAT",
     0,
     0
    ],
    "Node11": [
     "H",
     "CAT",
     0,
     0
    ],
    "Node12": [
     "H",
     "CAT",
     0,
     0
    ],
    "Node16": [
     "H",
     "CAT",
     0,
     0
    ],
    "Node19": [
     "H",
     "CAT",
     0,
     0
    ],
    "Node20": [
     "H",
     "CAT",
     0,
     0
    ],
    "Node21": [
     "H",
     "CAT",
     0,
     0
    ],
    "Node22": [
     "H",
     "CAT",
     0,
     0
    ],
    "Node23": [
     "H",
     "CAT",
     0,
     0
    ],
    "Node24": [
     "H",
     "CAT",
     0,
     0
    ],
    "Node25": [
     "H",
     "CAT",
     0,
     0
    ],
    "Node26": [
     "H",
     "CAT",
     0,
     0
    ],
    "Node29": [
     "H",
     "CAT",
     0,
     0
    ],
    "Node3": [
     "H",
     "CAT",
     0,
     0
    ],
    "Node32": [
     "H",
     "CAT",
     0,
     0
    ],
    "Node33": [
     "H",
     "CAT",
     0,
     0
    ],
    "Node37": [
     "H",
     "CAT",
     0,
     0
    ],
    "Node38": [
     "H",
     "CAT",
     0,
     0
    ],
    "Node3_1": [
     "H",
     "CAT",
     0,
     0
    ],
    "Node4": [
     "H",
     "CAT",
     0,
     0
    ],
    "Node40": [
     "H",
     "CAT",
     0,
     0
    ],
    "Node43": [
     "H",
     "CAT",
     0,
     0
    ],
    "Node46": [
     "H",
     "CAT",
     0,
     0
    ],
    "Node50": [
     "H",
     "CAT",
     0,
     0
    ],
    "Node52": [
     "Y",
     "TAT",
     1,
     0
    ],
    "Node57": [
     "H",
     "CAT",
     0,
     0
    ],
    "Node58": [
     "H",
     "CAT",
     0,
     0
    ],
    "Node61": [
     "H",
     "CAT",
     0,
     0
    ],
    "Node7": [
     "H",
     "CAT",
     0,
     0
    ],
    "Node8": [
     "H",
     "CAT",
     0,
     0
    ],
    "Node9": [
     "H",
     "CAT",
     0,
     0
    ],
    "epi_isl_415619_Washington_20200309_null_1": [
     "H",
     "CAT",
     0,
     0
    ],
    "epi_isl_415622_Washington_20200309_null_1": [
     "H",
     "CAT",
     0,
     0
    ],
    "epi_isl_415643_Tbilisi_20200310_null_1": [
     "H",
     "CAT",
     0,
     0
    ],
    "epi_isl_415650_IDF_20200302_null_1": [
     "H",
     "CAT",
     0,
     0
    ],
    "epi_isl_415703_Switzerland_20200301_null_1": [
     "H",
     "CAT",
     0,
     0
    ],
    "epi_isl_415991_Wales_20200309_null_1": [
     "H",
     "CAT",
     0,
     0
    ],
    "epi_isl_416141_Copenhagen_20200303_null_1": [
     "H",
     "CAT",
     0,
     0
    ],
    "epi_isl_416343_Shanghai_20200204_null_1": [
     "H",
     "CAT",
     0,
     0
    ],
    "epi_isl_416432_Riyadh_20200307_null_1": [
     "H",
     "CAT",
     0,
     0
    ],
    "epi_isl_417429_Holsbeek_20200303_null_2": [
     "H",
     "CAT",
     0,
     0
    ],
    "epi_isl_417435_Kinshasa_20200315_null_1": [
     "H",
     "CAT",
     0,
     0
    ],
    "epi_isl_417559_Reykjavik_20200317_null_1": [
     "H",
     "CAT",
     0,
     0
    ],
    "epi_isl_417601_Reykjavik_20200317_null_2": [
     "H",
     "CAT",
     0,
     0
    ],
    "epi_isl_417621_Reykjavik_20200318_null_1": [
     "H",
     "CAT",
     0,
     0
    ],
    "epi_isl_417649_Reykjavik_20200318_null_2": [
     "H",
     "CAT",
     0,
     0
    ],
    "epi_isl_417710_Reykjavik_20200302_null_1": [
     "Y",
     "TAT",
     0,
     0
    ],
    "epi_isl_417837_Reykjavik_20200316_null_4": [
     "H",
     "CAT",
     0,
     0
    ],
    "epi_isl_417929_S_o_Paulo_20200313_null_1": [
     "H",
     "CAT",
     0,
     0
    ],
    "epi_isl_418032_Washington_20200316_null_2": [
     "H",
     "CAT",
     0,
     0
    ],
    "epi_isl_418099_Wales_20200313_null_1": [
     "H",
     "CAT",
     0,
     0
    ],
    "epi_isl_418126_Wales_20200315_null_1": [
     "H",
     "CAT",
     0,
     0
    ],
    "epi_isl_418237_Hauts_de_France_20200316_null_2": [
     "H",
     "CAT",
     0,
     0
    ],
    "epi_isl_418405_Finland_20200314_null_13": [
     "H",
     "CAT",
     0,
     0
    ],
    "epi_isl_418413_ARA_20200315_null_1": [
     "H",
     "CAT",
     0,
     0
    ],
    "epi_isl_418714_England_20200317_null_3": [
     "H",
     "CAT",
     0,
     0
    ],
    "epi_isl_418839_British_Columbia_20200310_null_1": [
     "H",
     "CAT",
     0,
     0
    ],
    "epi_isl_418871_Washington_20200322_null_3": [
     "H",
     "CAT",
     0,
     0
    ],
    "epi_isl_418881_Washington_20200324_null_6": [
     "H",
     "CAT",
     0,
     0
    ],
    "epi_isl_418904_Washington_20200324_null_26": [
     "H",
     "CAT",
     0,
     0
    ],
    "epi_isl_418950_Washington_20200323_null_2": [
     "H",
     "CAT",
     0,
     0
    ],
    "epi_isl_419423_Wales_20200318_null_2": [
     "-",
     "---",
     0,
     0
    ],
    "epi_isl_419481_Wales_20200320_null_1": [
     "H",
     "CAT",
     0,
     0
    ],
    "epi_isl_419511_Wales_20200320_null_2330": [
     "H",
     "CAT",
     0,
     0
    ]
   },
   "meme": 0.004208318501812136,
   "meme-branches": 1,
   "meme-fraction": 0.99999999,
   "prime": [],
   "substitutions": [
    0,
    1
   ],
   "timing": {
    "-": {
     "20200315": 1,
     "20200318": 1
    },
    "H": {
     "20200101": 21,
     "20200121": 10,
     "20200122": 6,
     "20200123": 5,
     "20200124": 6,
     "20200125": 13,
     "20200126": 3,
     "20200127": 1,
     "20200128": 6,
     "20200129": 5,
     "20200130": 14,
     "20200131": 2,
     "20200201": 18,
     "20200202": 16,
     "20200203": 3,
     "20200204": 10,
     "20200205": 5,
     "20200206": 6,
     "20200207": 4,
     "20200208": 8,
     "20200209": 6,
     "20200210": 5,
     "20200211": 2,
     "20200212": 2,
     "20200213": 3,
     "20200214": 2,
     "20200215": 22,
     "20200216": 22,
     "20200217": 29,
     "20200218": 2,
     "20200219": 1,
     "20200220": 8,
     "20200221": 3,
     "20200222": 4,
     "20200224": 7,
     "20200225": 14,
     "20200226": 12,
     "20200227": 21,
     "20200228": 38,
     "20200229": 39,
     "20200301": 52,
     "20200302": 88,
     "20200303": 100,
     "20200304": 101,
     "20200305": 97,
     "20200306": 88,
     "20200307": 49,
     "20200308": 67,
     "20200309": 87,
     "20200310": 96,
     "20200311": 97,
     "20200312": 107,
     "20200313": 173,
     "20200314": 106,
     "20200315": 90,
     "20200316": 119,
     "20200317": 156,
     "20200318": 122,
     "20200319": 40,
     "20200320": 47,
     "20200321": 16,
     "20200322": 21,
     "20200323": 26,
     "20200324": 55,
     "20200325": 11
    },
    "Y": {
     "20200302": 1
    }
   }
  },
  "91": {
   "composition": {
    "D": 2,
    "E": 62
   },
   "fel": 0.01348139912463353,
   "kind": "positive",
   "labels": {
    "Node10": [
     "E",
     "GAA",
     0,
     0
    ],
    "Node11": [
     "E",
     "GAA",
     0,
     0
    ],
    "Node12": [
     "E",
     "GAA",
     0,
     0
    ],
    "Node16": [
     "E",
     "GAA",
     0,
     0
    ],
    "Node19": [
     "E",
     "GAA",
     0,
     0
    ],