{
 "L": 0.02095425648755662,
 "all variant sites": [
  {
   "ATG": 2,
   "TTT": 11
  },
  {
   "GAC": 2,
   "GAT": 9
  }
 ],
 "aminoacid variant sites": [
  {
   "F": 11,
   "M": 2
  }
 ],
 "any variation": 13,
 "dN/dS": {
  "internal": [
   [
    0.4045281869658594,
    1
   ]
  ],
  "leaves": [
   [
    1.194644631392212,
    1
   ]
  ]
 },
 "map": [
  0,
  1,
  2,
  3,
  4,
  5,
  6,
  7,
  8,
  9,
  10,
  11,
  12,
  13,
  14,
  15,
  16,
  17,
  18,
  19,
  20,
  21,
  22,
  23,
  24,
  25,
  26,
  27,
  28,
  29,
  30,
  31,
  32,
  33,
  34,
  35,
  36,
  37,
  38,
  39,
  40,
  41,
  42,
  43,
  44,
  45,
  46,
  47,
  48,
  49,
  50,
  51,
  52,
  53,
  54,
  55,
  56,
  57,
  58,
  59,
  60
 ],
 "p": 0.1,
 "selection": {
  "60": {
   "composition": {
    "-": 2,
    "D": 22
   },
   "fel": 0.03047702116662088,
   "kind": "negative",
   "labels": {
    "Node1": [
     "D",
     "GAT",
     0,
     0
    ],
    "Node11": [
     "D",
     "GAT",
     0,
     0
    ],
    "Node12": [
     "D",
     "GAT",
     0,
     0
    ],
    "Node16": [
     "D",
     "GAC",
     0,
     1
    ],
    "Node17": [
     "D",
     "GAC",
     0,
     0
    ],
    "Node2": [
     "D",
     "GAT",
     0,
     0
    ],
    "Node21": [
     "D",
     "GAT",
     0,
     0
    ],
    "Node21_1": [
     "D",
     "GAT",
     0,
     0
    ],
    "Node3": [
     "D",
     "GAT",
     0,
     0
    ],
    "Node7": [
     "D",
     "GAT",
     0,
     0
    ],
    "Node8": [
     "D",
     "GAT",
     0,
     0
    ],
    "epi_isl_402128_Hubei_20191230_MGISEQ_2207": [
     "D",
     "GAT",
     0,
     0
    ],
    "epi_isl_413855_Guangdong_20200207_metagenomics_BGI_2": [
     "-",
     "---",
     0,
     0
    ],
    "epi_isl_415152_Panama_City_20200306_Illumina_18": [
     "D",
     "GAC",
     0,
     0
    ],
    "epi_isl_415613_Washington_20200309_Illumina_9": [
     "D",
     "GAT",
     0,
     0
    ],
    "epi_isl_415699_Switzerland_20200227_null_1": [
     "D",
     "GAT",
     0,
     0
    ],
    "epi_isl_416625_unknown_20200217_Illumina_1": [
     "D",
     "GAT",
     0,
     0
    ],
    "epi_isl_416641_Washington_20200311_Illumina_1": [
     "D",
     "GAT",
     0,
     0
    ],
    "epi_isl_417362_Washington_20200313_Illumina_1": [
     "D",
     "GAC",
     0,
     0
    ],
    "epi_isl_417373_Washington_20200313_Illumina_1": [
     "D",
     "GAT",
     0,
     0
    ],
    "epi_isl_417556_Reykjavik_20200317_Illumina_1": [
     "-",
     "---",
     0,
     0
    ],
    "epi_isl_418072_Washington_20200315_Illumina_1": [
     "D",
     "GAT",
     0,
     0
    ],
    "epi_isl_418102_Wales_20200315_Illumina_1": [
     "D",
     "GAT",
     0,
     0
    ],
    "epi_isl_418215_Touba_20200312_Illumina_11": [
     "D",
     "GAT",
     0,
     0
    ]
   },
   "meme": 0.6666666666666666,
   "meme-branches": 0,
   "meme-fraction": 0.2032729595050675,
   "prime": [],
   "substitutions": [
    1,
    0
   ],
   "timing": {
    "-": {
     "20200207": 2,
     "20200317": 1
    },
    "D": {
     "20191226": 1,
     "20191230": 9,
     "20191231": 1,
     "20200101": 2,
     "20200102": 2,
     "20200105": 1,
     "20200108": 3,
     "20200110": 1,
     "20200111": 1,
     "20200113": 4,
     "20200114": 1,
     "20200115": 4,
     "20200116": 3,
     "20200117": 4,
     "20200118": 5,
     "20200119": 4,
     "20200120": 3,
     "20200121": 8,
     "20200122": 12,
     "20200123": 12,
     "20200124": 10,
     "20200125": 18,
     "20200126": 3,
     "20200127": 4,
     "20200128": 14,
     "20200129": 19,
     "20200130": 27,
     "20200131": 11,
     "20200201": 27,
     "20200202": 20,
     "20200203": 6,
     "20200204": 10,
     "20200205": 19,
     "20200206": 10,
     "20200207": 8,
     "20200208": 12,
     "20200209": 15,
     "20200210": 9,
     "20200211": 3,
     "20200212": 3,
     "20200213": 1,
     "20200214": 1,
     "20200215": 16,
     "20200216": 2,
     "20200217": 37,
     "20200218": 7,
     "20200219": 2,
     "20200220": 12,
     "20200221": 7,
     "20200222": 2,
     "20200223": 2,
     "20200224": 10,
     "20200225": 18,
     "20200226": 15,
     "20200227": 38,
     "20200228": 57,
     "20200229": 52,
     "20200301": 60,
     "20200302": 97,
     "20200303": 107,
     "20200304": 93,
     "20200305": 93,
     "20200306": 78,
     "20200307": 44,
     "20200308": 71,
     "20200309": 83,
     "20200310": 86,
     "20200311": 83,
     "20200312": 92,
     "20200313": 139,
     "20200314": 88,
     "20200315": 82,
     "20200316": 107,
     "20200317": 94,
     "20200318": 59,
     "20200319": 5,
     "20200320": 5,
     "20200321": 7,
     "20200322": 1,
     "20200324": 9,
     "20200326": 13
    }
   }
  }
 },
 "sequences": 13,
 "sites": 61,
 "total sequences": 2255,
 "tree": "((((epi_isl_418072_Washington_20200315_Illumina_1:1e-06,epi_isl_417556_Reykjavik_20200317_Illumina_1:0.011713)Node3:0.011196,epi_isl_415613_Washington_20200309_Illumina_9:0.005454)Node2:1e-06,((epi_isl_416625_unknown_20200217_Illumina_1:0.005454,epi_isl_415699_Switzerland_20200227_null_1:0.005454)Node8:1e-06,((epi_isl_417373_Washington_20200313_Illumina_1:0.005454,epi_isl_416641_Washington_20200311_Illumina_1:0.005432)Node12:1e-06,epi_isl_402128_Hubei_20191230_MGISEQ_2207:1e-06)Node11:1e-06)Node7:1e-06)Node1:1e-06,((epi_isl_415152_Panama_City_20200306_Illumina_18:1e-06,epi_isl_417362_Washington_20200313_Illumina_1:0.005451)Node17:1e-06,epi_isl_413855_Guangdong_20200207_metagenomics_BGI_2:0.011276)Node16:0.00545,(epi_isl_418102_Wales_20200315_Illumina_1:0.017138,epi_isl_418215_Touba_20200312_Illumina_11:0.002729)Node21:0.002733)"
}