{"sequences":121,"bl":{"Node100":0.002935962955840898,"Node134":0.002944035402508695,"Node159":0.002947864427182847,"Node162":0.002941093258388319,"Node184":0.002944934765725922,"Node221":0.002939318034326236,"Node59":0.002940924973551071,"Node75":0.002939514252490194,"Node82":0.002939977814567483,"Node99":0.002938893611068968,"epi_isl_413221_Scotland_20200302_null_1":0.002943756698118581,"epi_isl_413890_Guangdong_20200228_null_1":0.002939906594220147,"epi_isl_415654_Hauts_de_France_20200309_null_1":0.002939906594220147,"epi_isl_415710_Saint_Petersburg_20200315_null_1":0.003028167108615899,"epi_isl_416502_Bretagne_20200226_null_1":0.002943878654234358,"epi_isl_416566_unknown_20200215_null_1":0.002939946682829566,"epi_isl_417176_Hong_Kong_20200121_null_1":0.002939715033996263,"epi_isl_420329_Riemst_20200305_null_1":0.002939906603219823,"epi_isl_420423_Soignies_20200325_null_1":0.002946903597456757,"epi_isl_422125_Wales_20200328_null_1":0.002944258107212858,"epi_isl_422349_Wales_20200324_null_2":0.002940373557221652,"epi_isl_422635_Zuid_Holland_20200331_null_1":0.002943796579868029,"epi_isl_423819_England_20200323_null_2":0.002967645747465699,"epi_isl_427168_Idaho_20200329_null_1":0.002943878654196798,"epi_isl_427776_New_South_Wales_20200323_null_1":0.002939946780125628,"epi_isl_428353_Hauts_De_France_20200324_null_4":0.002939715099474898,"epi_isl_428485_Karnataka_20200412_null_1":0.002943628677708822,"epi_isl_429071_California_20200328_null_5":0.002947557487488339,"epi_isl_430342_New_York_20200330_null_2":0.002943756982360404,"epi_isl_430738_Beijing_20200205_null_1":0.002939010436020368,"epi_isl_432003_Wales_20200401_null_1":0.00293971509946104,"epi_isl_432392_Wales_20200408_null_2":0.002942293068149181,"epi_isl_432723_England_20200407_null_1":0.002939715099474898,"epi_isl_433271_Scotland_20200409_null_18":0.002939946447273287,"epi_isl_433381_Scotland_20200406_null_3":0.002944258107152633,"epi_isl_433684_England_20200401_null_1":0.002939946780050498,"epi_isl_433838_England_20200101_null_1":0.002942721717721182,"epi_isl_434536_Costa_Rica_20200317_null_1":0.008926776743384456,"epi_isl_434675_Stockholm_20200420_null_1":0.00294272171764199,"epi_isl_434720_Texas_20200315_null_1":0.002967593955476265,"epi_isl_435059_EC_20200320_null_1":0.008864876082286574,"epi_isl_435554_Louisiana_20200425_null_3":0.002939513333793623,"epi_isl_436052_New_York_20200309_null_1":0.002943756802412629,"epi_isl_436514_Florida_20200406_null_1":0.002939946447240511,"epi_isl_436568_Wisconsin_20200331_null_1":0.002940334521446288,"epi_isl_436654_California_20200407_null_1":0.002972834296385025,"epi_isl_437331_Ankara_20200325_null_1":0.002943796579519845,"epi_isl_437651_Unknown_20200404_null_1":0.002943796280076844,"epi_isl_437976_Ischgl_20200311_null_4":0.002947557487488339,"epi_isl_438104_Vienna_20200325_null_46":0.002944019870294802,"epi_isl_438715_England_20200425_null_3":0.002937493252298463,"epi_isl_438781_Scotland_20200331_null_2":0.002938152459777292,"epi_isl_439687_England_20200407_null_1":0.002939425373429303,"epi_isl_440722_England_20200405_null_1":0.002943996981229978,"epi_isl_441735_England_20200405_null_1":0.002941138181097081,"epi_isl_442349_England_20200326_null_1":0.002943875516259796,"epi_isl_442638_England_20200406_null_1":0.00294466288390792,"epi_isl_442717_England_20200405_null_3":0.002940805685860945,"epi_isl_442893_England_20200406_null_3":0.002944033028018085,"epi_isl_443415_England_20200414_null_5":0.002943914680968272,"epi_isl_443456_England_20200414_null_2":0.002943957544409375,"epi_isl_443742_England_20200325_null_1":0.002944239209746173,"epi_isl_444102_England_20200406_null_1":0.0029401033672732,"epi_isl_444125_England_20200408_null_1":0,"epi_isl_444387_England_20200428_null_1":0.002944576316849045,"epi_isl_444389_England_20200428_null_2":0,"epi_isl_444663_New_York_20200331_null_4":0.002943796579868029,"epi_isl_444742_New_Jersey_20200402_null_1":0.002939832860692437,"epi_isl_445024_Florida_20200430_null_1":0.002944191034295318,"epi_isl_445789_Wales_20200328_null_4":0.002944190642595247,"epi_isl_446062_Wales_20200409_null_6":0.002943796579519926,"epi_isl_446198_Wales_20200406_null_4":0.002942843604926642,"epi_isl_446211_Wales_20200406_null_1":0.00293981485112931,"epi_isl_446794_Wales_20200421_null_9":0.002944221526347946,"epi_isl_446852_Wales_20200418_null_8":0.002947556110235075,"epi_isl_447030_Gujarat_20200503_null_1":0.002943878654234313,"epi_isl_447245_Kinshasa_20200424_null_6":0.002944221526800926,"epi_isl_447254_Taipei_20200316_null_1":0.002943802742438326,"epi_isl_447506_Comunitat_Valenciana_20200330_null_1":0.002944235552958235,"epi_isl_447817_Cordoba_20200409_null_1":0,"epi_isl_447836_Athens_20200316_null_4":0.002944221110082877,"epi_isl_447938_England_20200428_null_2":0.002943875516179898,"epi_isl_447941_England_20200501_null_1":0.002941529564835065,"epi_isl_448105_England_20200101_null_1":0.002939946779799439,"epi_isl_448954_Northern_Ireland_20200324_null_3":0.002943768061147749,"epi_isl_449123_England_20200408_null_3":0.002942802983120958,"epi_isl_449197_Scotland_20200422_null_1":0,"epi_isl_449298_Scotland_20200424_null_3":0.002944151221509113,"epi_isl_449573_England_20200401_null_1":0.00294379628008532,"epi_isl_449701_England_20200415_null_9":0.002944151614137681,"epi_isl_449705_England_20200416_null_2":0.00293979338459495,"epi_isl_449901_Washington_20200411_null_52":0,"epi_isl_450177_Louisiana_20200407_null_2":0.002941607845210709,"epi_isl_450761_Minnesota_20200330_null_3":0.002943914577272411,"epi_isl_450849_Florida_20200409_null_2":0.00293966288547712,"epi_isl_451146_South_Australia_20200310_null_1":0.002944151613948732,"epi_isl_451150_Gujarat_20200506_null_8":0.002943875386674651,"epi_isl_451364_Sichuan_20200212_null_15":0.002943875114050058,"epi_isl_451382_Sichuan_20200125_null_6":0.002943875516498783,"epi_isl_451554_New_South_Wales_20200402_null_4":0.002941628656285749,"epi_isl_452043_Denmark_20200414_null_2":0.002940507015252049,"epi_isl_452055_Denmark_20200414_null_36":0.002943875516259857,"epi_isl_452128_Colorado_20200308_null_4":0.002940024718353428,"epi_isl_452164_Utah_20200415_null_6":0.002940024701036955,"epi_isl_452218_Frankfurt_20200302_null_2":0.002944779959682363,"epi_isl_452372_Andalusia_20200328_null_1":0.002940063881859978,"epi_isl_452520_Navarra_20200314_null_2":0,"epi_isl_452588_Andalusia_20200329_null_1":0.002943803867305861,"epi_isl_452601_Andalusia_20200327_null_11":0,"epi_isl_452795_Madhya_Pradesh_20200509_null_7":0.002941607845210709,"epi_isl_452988_England_20200514_null_2":0.002944485964534323,"epi_isl_453206_England_20200416_null_4":0.00294280308950616,"epi_isl_453406_England_20200409_null_104":0.002944151614554833,"epi_isl_453453_England_20200502_null_1":0.002943875386536012,"epi_isl_453480_Northern_Ireland_20200323_null_5":0.002943875113730844,"epi_isl_453496_England_20200326_null_2":0.002939832864276154,"epi_isl_453580_England_20200425_null_39":0.002943875386854981,"epi_isl_453599_England_20200422_null_6":0,"epi_isl_453773_England_20200421_null_14":0,"epi_isl_453990_Portugal_20200405_null_11":0.002944064486745581,"epi_isl_454072_Portugal_20200319_null_107":0,"epi_isl_454204_Portugal_20200327_null_13":0.002942802983180415,"epi_isl_454219_Portugal_20200430_null_1":0.002940025073945248,"epi_isl_454236_Portugal_20200320_null_3":0.002943875386535947,"epi_isl_454259_Portugal_20200407_null_13":0.002943875516259857,"epi_isl_454306_Portugal_20200327_null_1":0.002939622954066492,"epi_isl_454322_Portugal_20200328_null_14":0.002943965044186486,"epi_isl_454382_Pennsylvania_20200331_null_17":0.002944190642595247,"epi_isl_454432_Maryland_20200313_null_32851":0,"epi_isl_454539_Maharashtra_20200412_null_1":0.002943802742438326,"epi_isl_454541_Maharashtra_20200330_null_1":0.002945714728512322},"total sequences":33602,"aminoacid variant sites":[{"G":118,"D":1,"S":2},{"M":117,"I":1,"V":2,"T":1}],"all variant sites":[{"GCT":116,"GCC":2,"GTT":1,"GCG":1,"GCA":1},{"GGT":117,"GAT":1,"AGT":2,"GGG":1},{"CTG":118,"TTG":1,