{
 "L": 0.005115127616277243,
 "all variant sites": [],
 "aminoacid variant sites": [],
 "any variation": 32,
 "dN/dS": {
  "internal": [
   [
    0,
    1
   ]
  ],
  "leaves": [
   [
    1.290923477962858,
    1
   ]
  ]
 },
 "map": [
  0,
  1,
  2,
  3,
  4,
  5,
  6,
  7,
  8,
  9,
  10,
  11,
  12,
  13,
  14,
  15,
  16,
  17,
  18,
  19,
  20,
  21,
  22,
  23,
  24,
  25,
  26,
  27,
  28,
  29,
  30,
  31,
  32,
  33,
  34,
  35,
  36,
  37,
  38,
  39,
  40,
  41,
  42,
  43,
  44,
  45,
  46,
  47,
  48,
  49,
  50,
  51,
  52,
  53,
  54,
  55,
  56,
  57,
  58,
  59,
  60,
  61,
  62,
  63,
  64,
  65,
  66,
  67,
  68,
  69,
  70,
  71,
  72,
  73,
  74,
  75,
  76,
  77,
  78,
  79,
  80,
  81,
  82,
  83,
  84,
  85,
  86,
  87,
  88,
  89,
  90,
  91,
  92,
  93,
  94,
  95,
  96,
  97,
  98,
  99,
  100,
  101,
  102,
  103,
  104,
  105,
  106,
  107,
  108,
  109,
  110,
  111,
  112,
  113,
  114,
  115,
  116,
  117,
  118,
  119,
  120
 ],
 "p": 0.1,
 "selection": {},
 "sequences": 35,
 "sites": 121,
 "total sequences": 2536,
 "tree": "(epi_isl_417728_Reykjavik_20200308_Illumina_2:0.002744,((epi_isl_417721_Reykjavik_20200303_Illumina_1:0.002744,epi_isl_408669_Kyoto_20200129_NextSeq500_1:0.002744)Node3:1e-06,(((epi_isl_418666_Li_ge_20200322_Nanopore_2:0.002744,epi_isl_417869_Reykjavik_20200310_Illumina_2:0.002749)Node8:1e-06,(epi_isl_417380_Washington_20200314_Illumina_1:0.002739,epi_isl_417175_Washington_20200302_Illumina_2:0.002744)Node11:1e-06)Node7:1e-06,(epi_isl_418234_Ile_de_France_20200314_Illumina_1:0.002744,epi_isl_403928_Hubei_20200101_null_1:0.002744)Node14:1e-06)Node6:1e-06)Node2:1e-06,((((((((epi_isl_413487_Washington_20200301_Illumina_1:0.002743,epi_isl_413864_Guangdong_20200209_metagenomics_BGI_1:0.011125)Node24:1e-06,epi_isl_417579_Reykjavik_20200317_Illumina_4:0.002742)Node23:1e-06,(epi_isl_417980_Madrid_20200303_Ion_1:0.002739,epi_isl_408489_Taipei_20200131_Sanger_1:0.002748)Node28:1e-06)Node22:1e-06,((epi_isl_417606_Reykjavik_20200317_Illumina_1:0.002744,epi_isl_418718_England_20200318_Illumina_1:0.002744)Node32:1e-06,epi_isl_403929_Hubei_20191230_null_2480:1e-06)Node31:1e-06)Node21:1e-06,((epi_isl_416701_Washington_20200313_Illumina_4:1e-06,epi_isl_413876_Guangdong_20200210_multiplex_pcr_nanopore_1:0.009412999999999999)Node37:0.002741,(epi_isl_413221_Scotland_20200302_Nanopore_2:0.002739,(epi_isl_416355_Shanghai_20200204_Illumina_1:1e-06,epi_isl_418272_Basel_Stadt_20200227_Nanopore_4:0.005549)Node42:0.005501)Node40:1e-06)Node36:1e-06)Node20:1e-06,(epi_isl_418187_Wisconsin_2020_03_Ion_1:0.005496,epi_isl_417807_Reykjavik_20200302_Illumina_1:0.002739)Node45:1e-06)Node19:1e-06,((epi_isl_417601_Reykjavik_20200317_Illumina_1:0.002744,epi_isl_416447_Washington_20200310_Illumina_1:0.002744)Node49:1e-06,(epi_isl_416397_Shanghai_20200202_Illumina_1:0.002741,((epi_isl_416327_Shanghai_20200128_Illumina_1:0.002739,epi_isl_416566_unknown_20200215_Illumina_4:0.002744)Node55:1e-06,(epi_isl_416433_Washington_20200310_Illumina_1:0.002748,(epi_isl_418031_Washington_20200316_Illumina_1:0.002749,(epi_isl_417918_Kuala_Lumpur_20200318_Illumina_1:0.002744,(epi_isl_418123_Wales_20200314_Illumina_6:0.002741,epi_isl_416377_Shanghai_20200207_Illumina_1:0.002743)Node64:1e-06)Node62:1e-06)Node60:1e-06)Node58:1e-06)Node54:1e-06)Node52:1e-06)Node48:1e-06)Node18:1e-06,epi_isl_416406_Shanghai_20200215_Illumina_1:0.002746)Node17:1e-06)"
}