{
 "L": 0.006332878170394003,
 "map": [
  0,
  1,
  2,
  3,
  4,
  5,
  6,
  7,
  8,
  9,
  10,
  11,
  12,
  13,
  14,
  15,
  16,
  17,
  18,
  19,
  20,
  21,
  22,
  23,
  24,
  25,
  26,
  27,
  28,
  29,
  30,
  31,
  32,
  33,
  34,
  35,
  36,
  37,
  38,
  39,
  40,
  41,
  42,
  43,
  44,
  45,
  46,
  47,
  48,
  49,
  50,
  51,
  52,
  53,
  54,
  55,
  56,
  57,
  58,
  59,
  60,
  61,
  62,
  63,
  64,
  65,
  66,
  67,
  68,
  69,
  70,
  71,
  72,
  73,
  74,
  75,
  76,
  77,
  78,
  79,
  80,
  81,
  82,
  83,
  84,
  85,
  86,
  87,
  88,
  89,
  90,
  91,
  92,
  93,
  94,
  95,
  96,
  97,
  98,
  99,
  100,
  101,
  102,
  103,
  104,
  105,
  106,
  107,
  108,
  109,
  110,
  111,
  112,
  113,
  114,
  115,
  116,
  117,
  118,
  119,
  120,
  121,
  122,
  123,
  124,
  125,
  126,
  127,
  128,
  129,
  130,
  131,
  132,
  133,
  134,
  135,
  136,
  137,
  138,
  139,
  140,
  141,
  142,
  143,
  144,
  145,
  146,
  147,
  148,
  149,
  150,
  151,
  152,
  153,
  154,
  155,
  156,
  157,
  158,
  159,
  160,
  161,
  162,
  163,
  164,
  165,
  166,
  167,
  168,
  169,
  170,
  171,
  172,
  173,
  174,
  175,
  176,
  177,
  178,
  179,
  180,
  181,
  182,
  183,
  184,
  185,
  186,
  187,
  188,
  189,
  190,
  191,
  192,
  193,
  194,
  195,
  196,
  197,
  198,
  199,
  200,
  201,
  202,
  203,
  204,
  205,
  206,
  207,
  208,
  209,
  210,
  211,
  212,
  213,
  214,
  215,
  216,
  217,
  218,
  219,
  220,
  221
 ],
 "p": 0.1,
 "selection": {
  "77": {
   "composition": {
    "-": 1,
    "A": 2,
    "G": 61
   },
   "fel": 0.03655102954697997,
   "kind": "positive",
   "labels": {
    "Node1": [
     "G",
     "GGT",
     0,
     0
    ],
    "Node11": [
     "G",
     "GGT",
     0,
     0
    ],
    "Node13": [
     "G",
     "GGT",
     0,
     0
    ],
    "Node16": [
     "G",
     "GGT",
     0,
     0
    ],
    "Node17": [
     "G",
     "GGT",
     0,
     0
    ],
    "Node18": [
     "G",
     "GGT",
     0,
     0
    ],
    "Node19": [
     "G",
     "GGT",
     0,
     0
    ],
    "Node2": [
     "G",
     "GGT",
     0,
     0
    ],
    "Node21": [
     "A",
     "GCT",
     1,
     0
    ],
    "Node24": [
     "G",
     "GGT",
     0,
     0
    ],
    "Node25": [
     "G",
     "GGT",
     0,
     0
    ],
    "Node26": [
     "G",
     "GGT",
     0,
     0
    ],
    "Node29": [
     "G",
     "GGT",
     0,
     0
    ],
    "Node3": [
     "G",
     "GGT",
     0,
     0
    ],
    "Node32": [
     "G",
     "GGT",
     0,
     0
    ],
    "Node33": [
     "G",
     "GGT",
     0,
     0
    ],
    "Node36": [
     "G",
     "GGT",
     0,
     0
    ],
    "Node37": [
     "G",
     "GGT",
     0,
     0
    ],
    "Node4": [
     "G",
     "GGT",
     0,
     0
    ],
    "Node40": [
     "G",
     "GGT",
     0,
     0
    ],
    "Node43": [
     "G",
     "GGT",
     0,
     0
    ],
    "Node45": [
     "G",
     "GGT",
     0,
     0
    ],
    "Node46": [
     "G",
     "GGT",
     0,
     0
    ],
    "Node50": [
     "G",
     "GGT",
     0,
     0
    ],
    "Node51": [
     "G",
     "GGT",
     0,
     0
    ],
    "Node53": [
     "G",
     "GGT",
     0,
     0
    ],
    "Node56": [
     "G",
     "GGT",
     0,
     0
    ],
    "Node57": [
     "G",
     "GGT",
     0,
     0
    ],
    "Node63": [
     "G",
     "GGT",
     0,
     0
    ],
    "Node7": [
     "G",
     "GGT",
     0,
     0
    ],
    "Node8": [
     "G",
     "GGT",
     0,
     0
    ],
    "epi_isl_402128_Hubei_20191230_MGISEQ_1919": [
     "G",
     "GGT",
     0,
     0
    ],
    "epi_isl_406534_Guangdong_20200122_null_13": [
     "G",
     "GGT",
     0,
     0
    ],
    "epi_isl_406716_Hubei_20200102_Illumina_2": [
     "A",
     "GCT",
     0,
     0
    ],
    "epi_isl_408431_Ile_de_France_20200129_Illumina_4": [
     "G",
     "GGT",
     0,
     0
    ],
    "epi_isl_408667_Tokyo_20200131_NextSeq500_1": [
     "G",
     "GGT",
     0,
     0
    ],
    "epi_isl_413022_Zurich_20200229_Illumina_2": [
     "G",
     "GGT",
     0,
     0
    ],
    "epi_isl_413024_Zurich_20200229_Illumina_1": [
     "G",
     "GGT",
     0,
     0
    ],
    "epi_isl_413520_Beijing_20200128_MGISEQ2000_3": [
     "G",
     "GGT",
     0,
     0
    ],
    "epi_isl_413572_Haarlem_20200301_Nanopore_82": [
     "G",
     "GGT",
     0,
     0
    ],
    "epi_isl_413855_Guangdong_20200207_metagenomics_BGI_10": [
     "G",
     "GGT",
     0,
     0
    ],
    "epi_isl_414010_England_20200226_Illumina_25": [
     "G",
     "GGT",
     0,
     0
    ],
    "epi_isl_414636_Hauts_de_France_20200304_Illumina_1": [
     "G",
     "GGT",
     0,
     0
    ],
    "epi_isl_415132_England_20200228_Illumina_1": [
     "G",
     "GGT",
     0,
     0
    ],
    "epi_isl_415138_England_20200302_Illumina_7": [
     "G",
     "GGT",
     0,
     0
    ],
    "epi_isl_415150_England_20200309_Illumina_4": [
     "G",
     "GGT",
     0,
     0
    ],
    "epi_isl_415620_Washington_20200309_Illumina_1": [
     "G",
     "GGT",
     0,
     0
    ],
    "epi_isl_416327_Shanghai_20200128_Illumina_1": [
     "G",
     "GGT",
     0,
     0
    ],
    "epi_isl_416395_Shanghai_20200209_Illumina_1": [
     "G",
     "GGT",
     0,
     0
    ],
    "epi_isl_416457_California_20200318_Nanopore_6": [
     "G",
     "GGT",
     0,
     0
    ],
    "epi_isl_416539_Wellington_20200315_Nanopore_2": [
     "G",
     "GGT",
     0,
     0
    ],
    "epi_isl_416569_unknown_20200215_Illumina_1": [
     "G",
     "GGT",
     0,
     0
    ],
    "epi_isl_416692_Washington_20200314_Illumina_1": [
     "G",
     "GGT",
     0,
     0
    ],
    "epi_isl_416907_Selangor_20200220_Illumina_1": [
     "G",
     "GGT",
     0,
     0
    ],
    "epi_isl_417032_Queensland_20200311_Illumina_1": [
     "G",
     "GGT",
     0,
     0
    ],
    "epi_isl_417083_Washington_20200228_Illumina_1": [
     "G",
     "GGT",
     0,
     0
    ],
    "epi_isl_417103_Washington_20200305_Illumina_1": [
     "G",
     "GGT",
     0,
     0
    ],
    "epi_isl_417422_Dilbeek_20200304_Nanopore_2": [
     "G",
     "GGT",
     0,
     0
    ],
    "epi_isl_417523_Taoyuan_20200313_Illumina_1": [
     "G",
     "GGT",
     0,
     0
    ],
    "epi_isl_417529_Luxembourg_20200318_Illumina_2": [
     "G",
     "GGT",
     0,
     0
    ],
    "epi_isl_417668_Reykjavik_20200315_Illumina_1": [
     "G",
     "GGT",
     0,
     0
    ],
    "epi_isl_417729_Reykjavik_20200310_Illumina_1": [
     "-",
     "---",
     0,
     0
    ],
    "epi_isl_417967_Madrid_20200312_Ion_1": [
     "G",
     "GGT",
     0,
     0
    ],
    "epi_isl_418117_Wales_20200314_Illumina_1": [
     "G",
     "GGT",
     0,
     0
    ]
   },
   "meme": 0.05218200241717741,
   "meme-branches": 1,
   "meme-fraction": 0.99999999,
   "prime": [],
   "substitutions": [
    0,
    1
   ],
   "timing": {
    "-": {
     "20200310": 1
    },
    "A": {
     "20200102": 2
    },
    "G": {
     "20191226": 1,
     "20191230": 9,
     "20191231": 1,
     "20200101": 2,
     "20200105": 1,
     "20200108": 3,
     "20200110": 1,
     "20200111": 1,
     "20200113": 4,
     "20200114": 1,
     "20200115": 4,
     "20200116": 3,
     "20200117": 4,
     "20200118": 5,
     "20200119": 4,
     "20200120": 3,
     "20200121": 8,
     "20200122": 12,
     "20200123": 12,
     "20200124": 10,
     "20200125": 18,
     "20200126": 3,
     "20200127": 4,
     "20200128": 14,
     "20200129": 19,
     "20200130": 25,
     "20200131": 11,
     "20200201": 23,
     "20200202": 17,
     "20200203": 6,
     "20200204": 10,
     "20200205": 17,
     "20200206": 10,
     "20200207": 10,
     "20200208": 12,
     "20200209": 14,
     "20200210": 7,
     "20200211": 3,
     "20200212": 2,
     "20200213": 1,
     "20200214": 1,
     "20200215": 16,
     "20200216": 2,
     "20200217": 37,
     "20200218": 7,
     "20200219": 2,
     "20200220": 12,
     "20200221": 6,
     "20200222": 2,
     "20200223": 2,