{
 "L": 0.014679047831257942,
 "map": [
  0,
  1,
  2,
  3,
  4,
  5,
  6,
  7,
  8,
  9,
  10,
  11,
  12,
  13,
  14,
  15,
  16,
  17,
  18,
  19,
  20,
  21,
  22,
  23,
  24,
  25,
  26,
  27,
  28,
  29,
  30,
  31,
  32,
  33,
  34,
  35,
  36,
  37,
  38,
  39,
  40,
  41,
  42,
  43,
  44,
  45,
  46,
  47,
  48,
  49,
  50,
  51,
  52,
  53,
  54,
  55,
  56,
  57,
  58,
  59,
  60
 ],
 "p": 0.1,
 "selection": {
  "60": {
   "composition": {
    "-": 2,
    "D": 20
   },
   "fel": 0.0318893394077413,
   "kind": "negative",
   "labels": {
    "Node10": [
     "D",
     "GAT",
     0,
     0
    ],
    "Node14": [
     "D",
     "GAT",
     0,
     0
    ],
    "Node16": [
     "D",
     "GAC",
     0,
     1
    ],
    "Node18": [
     "D",
     "GAC",
     0,
     0
    ],
    "Node2": [
     "D",
     "GAT",
     0,
     0
    ],
    "Node21": [
     "D",
     "GAT",
     0,
     0
    ],
    "Node3": [
     "D",
     "GAT",
     0,
     0
    ],
    "Node4": [
     "D",
     "GAT",
     0,
     0
    ],
    "Node5": [
     "D",
     "GAT",
     0,
     0
    ],
    "Node7": [
     "D",
     "GAT",
     0,
     0
    ],
    "epi_isl_402128_Hubei_20191230_MGISEQ_2162": [
     "D",
     "GAT",
     0,
     0
    ],
    "epi_isl_413855_Guangdong_20200207_metagenomics_BGI_2": [
     "-",
     "---",
     0,
     0
    ],
    "epi_isl_415152_Panama_City_20200306_Illumina_18": [
     "D",
     "GAC",
     0,
     0
    ],
    "epi_isl_415613_Washington_20200309_Illumina_9": [
     "D",
     "GAT",
     0,
     0
    ],
    "epi_isl_415699_Switzerland_20200227_null_1": [
     "D",
     "GAT",
     0,
     0
    ],
    "epi_isl_416625_unknown_20200217_Illumina_1": [
     "D",
     "GAT",
     0,
     0
    ],
    "epi_isl_416641_Washington_20200311_Illumina_1": [
     "D",
     "GAT",
     0,
     0
    ],
    "epi_isl_417362_Washington_20200313_Illumina_1": [
     "D",
     "GAC",
     0,
     0
    ],
    "epi_isl_417373_Washington_20200313_Illumina_1": [
     "D",
     "GAT",
     0,
     0
    ],
    "epi_isl_417556_Reykjavik_20200317_Illumina_1": [
     "-",
     "---",
     0,
     0
    ],
    "epi_isl_418072_Washington_20200315_Illumina_1": [
     "D",
     "GAT",
     0,
     0
    ],
    "epi_isl_418102_Wales_20200315_Illumina_1": [
     "D",
     "GAT",
     0,
     0
    ]
   },
   "meme": 0.6666666666666666,
   "meme-branches": 0,
   "meme-fraction": 0.1739465875611427,
   "prime": [],
   "substitutions": [
    1,
    0
   ],
   "timing": {
    "-": {
     "20200207": 2,
     "20200317": 1
    },
    "D": {
     "20191226": 1,
     "20191230": 9,
     "20191231": 1,
     "20200101": 2,
     "20200102": 2,
     "20200105": 1,
     "20200108": 3,
     "20200110": 1,
     "20200111": 1,
     "20200113": 4,
     "20200114": 1,
     "20200115": 4,
     "20200116": 3,
     "20200117": 4,
     "20200118": 5,
     "20200119": 4,
     "20200120": 3,
     "20200121": 8,
     "20200122": 12,
     "20200123": 12,
     "20200124": 10,
     "20200125": 18,
     "20200126": 3,
     "20200127": 4,
     "20200128": 14,
     "20200129": 19,
     "20200130": 27,
     "20200131": 11,
     "20200201": 27,
     "20200202": 20,
     "20200203": 6,
     "20200204": 10,
     "20200205": 19,
     "20200206": 10,
     "20200207": 8,
     "20200208": 12,
     "20200209": 15,
     "20200210": 9,
     "20200211": 3,
     "20200212": 3,
     "20200213": 1,
     "20200214": 1,
     "20200215": 16,
     "20200216": 2,
     "20200217": 37,
     "20200218": 7,
     "20200219": 2,
     "20200220": 12,
     "20200221": 6,
     "20200222": 2,
     "20200223": 2,
     "20200224": 10,
     "20200225": 18,
     "20200226": 14,
     "20200227": 38,
     "20200228": 54,
     "20200229": 52,
     "20200301": 60,
     "20200302": 94,
     "20200303": 106,
     "20200304": 92,
     "20200305": 92,
     "20200306": 78,
     "20200307": 44,
     "20200308": 68,
     "20200309": 82,
     "20200310": 85,
     "20200311": 81,
     "20200312": 85,
     "20200313": 136,
     "20200314": 87,
     "20200315": 79,
     "20200316": 98,
     "20200317": 85,
     "20200318": 59,
     "20200319": 5,
     "20200320": 5,
     "20200321": 7,
     "20200322": 1,
     "20200324": 9,
     "20200326": 13
    }
   }
  }
 },
 "sequences": 12,
 "sites": 61,
 "tree": "(epi_isl_415699_Switzerland_20200227_null_1:0.005468,((((epi_isl_418102_Wales_20200315_Illumina_1:0.017182,(epi_isl_417556_Reykjavik_20200317_Illumina_1:0.011734,epi_isl_418072_Washington_20200315_Illumina_1:1e-06)Node7:0.011222)Node5:1e-06,(epi_isl_415613_Washington_20200309_Illumina_9:0.005468,epi_isl_416625_unknown_20200217_Illumina_1:0.005468)Node10:1e-06)Node4:1e-06,epi_isl_402128_Hubei_20191230_MGISEQ_2162:1e-06)Node3:1e-06,(epi_isl_417373_Washington_20200313_Illumina_1:0.005468,(epi_isl_413855_Guangdong_20200207_metagenomics_BGI_2:0.011298,(epi_isl_417362_Washington_20200313_Illumina_1:0.005466,epi_isl_415152_Panama_City_20200306_Illumina_18:1e-06)Node18:1e-06)Node16:0.005465)Node14:1e-06)Node2:1e-06,epi_isl_416641_Washington_20200311_Illumina_1:0.005447)"
}