{
 "L": 0.001289487854434469,
 "MAF": 0.2,
 "all variant sites": [
  {
   "AAA": 1,
   "CTC": 1,
   "GAC": 2,
   "GAT": 24
  }
 ],
 "aminoacid variant sites": [],
 "any variation": 25,
 "bl": {
  "Node11": 0.001289487854434469,
  "epi_isl_402120_Hubei_20200101_null_4362": 0,
  "epi_isl_414010_England_20200226_Illumina_1": 0,
  "epi_isl_415144_England_20200227_Illumina_24": 0,
  "epi_isl_415608_Washington_20200308_Illumina_7": 0.005705078981667232,
  "epi_isl_415655_Wales_20200312_Nanopore_1": 0.00570507894708434,
  "epi_isl_416620_unknown_20200217_Illumina_1": 0.005705078981667232,
  "epi_isl_416636_Washington_20200312_Illumina_1": 0.005693003370935422,
  "epi_isl_417356_Washington_20200313_Illumina_2": 0.0056796493008692,
  "epi_isl_417368_USA_20200313_Illumina_1": 0.005705078947109462,
  "epi_isl_417952_Madrid_20200309_Ion_1": 0.03627709299266237,
  "epi_isl_418099_Wales_20200313_Illumina_1": 0,
  "epi_isl_418141_Wales_20200313_Illumina_1": 0,
  "epi_isl_418210_Touba_20200310_Illumina_6": 0.00570507894708434,
  "epi_isl_418305_South_Yorkshire_20200325_Nanopore_1": 0.005679324101379138,
  "epi_isl_418311_Derbyshire_20200325_Nanopore_1": 0.005693443572010059,
  "epi_isl_418371_Ontario_20200307_Illumina_2": 0.005679324085234757,
  "epi_isl_418431_ARA_20200318_Illumina_1": 0.005705078981667232,
  "epi_isl_418750_England_20200318_Illumina_1": 0.005693443537478482,
  "epi_isl_418861_Barcelona_20200324_null_1": 0.005664992113748013,
  "epi_isl_419184_ARA_20200322_Illumina_1": 0.005679649300608099,
  "epi_isl_419546_Duesseldorf_20200315_Nanopore_1": 0,
  "epi_isl_419875_Victoria_20200318_Illumina_1": 0.005679649300608099,
  "epi_isl_419898_Victoria_20200319_Illumina_1": 0.005705078981649532,
  "epi_isl_419947_Victoria_20200321_Illumina_2": 0.005705078947123781,
  "epi_isl_420131_Comunitat_Valenciana_20200318_Illumina_2": 0.005693443571981153,
  "epi_isl_420168_South_Yorkshire_20200325_Nanopore_1": 0.005679649300851674,
  "epi_isl_420198_South_Yorkshire_20200328_Nanopore_1": 0.01150035771961453,
  "epi_isl_421290_Wisconsin_20200324_Nanopore_2": 0.005664992113484957
 },
 "dN/dS": {
  "internal": [
   [
    0,
    1
   ]
  ],
  "leaves": [
   [
    1.476596422630229,
    1
   ]
  ]
 },
 "map": [
  0,
  1,
  2,
  3,
  4,
  5,
  6,
  7,
  8,
  9,
  10,
  11,
  12,
  13,
  14,
  15,
  16,
  17,
  18,
  19,
  20,
  21,
  22,
  23,
  24,
  25,
  26,
  27,
  28,
  29,
  30,
  31,
  32,
  33,
  34,
  35,
  36,
  37,
  38,
  39,
  40,
  41,
  42,
  43,
  44,
  45,
  46,
  47,
  48,
  49,
  50,
  51,
  52,
  53,
  54,
  55,
  56,
  57,
  58,
  59,
  60,
  61,
  61
 ],
 "p": 0.1,
 "selection": {},
 "sequences": 28,
 "sites": 63,
 "total sequences": 4428,
 "tree": "(epi_isl_415655_Wales_20200312_Nanopore_1,epi_isl_421290_Wisconsin_20200324_Nanopore_2,epi_isl_420168_South_Yorkshire_20200325_Nanopore_1,epi_isl_419947_Victoria_20200321_Illumina_2,epi_isl_402120_Hubei_20200101_null_4362,epi_isl_418431_ARA_20200318_Illumina_1,epi_isl_419546_Duesseldorf_20200315_Nanopore_1,epi_isl_418371_Ontario_20200307_Illumina_2,epi_isl_418099_Wales_20200313_Illumina_1,epi_isl_418141_Wales_20200313_Illumina_1,epi_isl_415608_Washington_20200308_Illumina_7,epi_isl_419898_Victoria_20200319_Illumina_1,epi_isl_418305_South_Yorkshire_20200325_Nanopore_1,epi_isl_414010_England_20200226_Illumina_1,epi_isl_418311_Derbyshire_20200325_Nanopore_1,epi_isl_416636_Washington_20200312_Illumina_1,epi_isl_419875_Victoria_20200318_Illumina_1,epi_isl_418750_England_20200318_Illumina_1,epi_isl_418861_Barcelona_20200324_null_1,epi_isl_417368_USA_20200313_Illumina_1,epi_isl_416620_unknown_20200217_Illumina_1,epi_isl_420131_Comunitat_Valenciana_20200318_Illumina_2,epi_isl_417952_Madrid_20200309_Ion_1,epi_isl_419184_ARA_20200322_Illumina_1,epi_isl_418210_Touba_20200310_Illumina_6,(epi_isl_420198_South_Yorkshire_20200328_Nanopore_1,epi_isl_415144_England_20200227_Illumina_24,epi_isl_417356_Washington_20200313_Illumina_2)Node11)"
}