{
 "L": 0.005444651228337915,
 "MAF": 0.2,
 "all variant sites": [
  {
   "TCA": 71,
   "TCG": 2,
   "TYA": 1
  },
  {
   "GGC": 71,
   "GGT": 2,
   "TGC": 1
  },
  {
   "GAA": 71,
   "GAG": 2,
   "GAT": 1
  },
  {
   "CTT": 72,
   "TTT": 2
  }
 ],
 "aminoacid variant sites": [
  {
   "F": 2,
   "L": 72
  }
 ],
 "any variation": 58,
 "bl": {
  "Node100": 0.001808456572361911,
  "Node133": 8.832158602275128e-06,
  "Node137": 8.832181494959596e-06,
  "Node53": 3.839591533382399e-08,
  "Node77": 0.001810035348881439,
  "Node85": 0.001808456571081997,
  "epi_isl_402120_Hubei_20200101_null_1": 0.002822330335542663,
  "epi_isl_408482_Shandong_20200119_null_1": 0.002835804054383208,
  "epi_isl_408487_Henan_20200120_null_1": 0.00282233033526306,
  "epi_isl_413221_Scotland_20200302_null_1": 0.002822330335733139,
  "epi_isl_413852_Guangdong_20200130_null_1": 0,
  "epi_isl_415610_Washington_20200308_null_1": 0,
  "epi_isl_416320_Shanghai_20200128_null_1": 0.002820296458940303,
  "epi_isl_416345_Shanghai_20200204_null_1": 0.00566346974122868,
  "epi_isl_416367_Shanghai_20200201_null_1": 0.002817864366064606,
  "epi_isl_416378_Shanghai_20200130_null_2": 0.002820296459198102,
  "epi_isl_416384_Shanghai_20200204_null_1": 0.002824048638677589,
  "epi_isl_416392_Shanghai_20200202_null_1": 0.002829760705710178,
  "epi_isl_416425_Hangzhou_20200203_null_1": 0.002835804061613028,
  "epi_isl_417245_England_20200302_null_1": 0,
  "epi_isl_417253_England_20200303_null_1": 0,
  "epi_isl_417374_Washington_20200315_null_2": 0.002820296465848,
  "epi_isl_417547_Reykjavik_20200317_null_1": 0.00280295841293385,
  "epi_isl_417697_Reykjavik_20200304_null_1": 0.002822330336227471,
  "epi_isl_417752_Reykjavik_20200316_null_2": 0.002824271880565811,
  "epi_isl_417787_Reykjavik_20200312_null_1": 0.002820296458992526,
  "epi_isl_417969_Madrid_20200309_null_1": 0.00282029645624637,
  "epi_isl_418009_Portugal_20200315_null_1": 0.002821923173543591,
  "epi_isl_418096_Wales_20200312_null_2": 0.002822330333238096,
  "epi_isl_418164_Wales_20200317_null_1": 0.005673248865676953,
  "epi_isl_418228_Hauts_de_France_20200312_null_1": 0.002822330335719516,
  "epi_isl_418332_Ontario_20200311_null_2": 0.002821923160452662,
  "epi_isl_418691_England_20200317_null_1": 0,
  "epi_isl_418731_England_20200313_null_1": 0,
  "epi_isl_419185_ARA_20200322_null_1": 0.002820296458249974,
  "epi_isl_419572_Luxembourg_20200310_null_1": 0,
  "epi_isl_419592_Luxembourg_20200315_null_1": 0,
  "epi_isl_419693_Belarus_20200301_null_1": 0.00282029646857481,
  "epi_isl_419708_Virginia_20200312_null_1": 0.003196292901643142,
  "epi_isl_419735_Victoria_20200224_null_1": 0,
  "epi_isl_419869_Victoria_20200318_null_3": 0.002802958423185853,
  "epi_isl_419896_Victoria_20200319_null_1": 0.002820296456009003,
  "epi_isl_419898_Victoria_20200319_null_2": 0.00282233033634145,
  "epi_isl_419981_Victoria_20200322_null_1": 0.002824048638511231,
  "epi_isl_420022_Virginia_20200322_null_1": 0.002819868590674125,
  "epi_isl_420200_South_Yorkshire_20200329_null_1": 0.002822330336227471,
  "epi_isl_420221_South_Yorkshire_20200329_null_1": 0.002822330336117954,
  "epi_isl_420262_South_Yorkshire_20200324_null_4": 0.002822330335604676,
  "epi_isl_420739_England_20200327_null_1": 0,
  "epi_isl_420772_England_20200330_null_2": 0.002817837146328788,
  "epi_isl_420795_Rhode_Island_20200301_null_2": 0.002822330335403627,
  "epi_isl_421208_Li_ge_20200330_null_1": 0.002825176394856756,
  "epi_isl_421275_Moscow_20200318_null_2": 0.002822330333365027,
  "epi_isl_421291_Wisconsin_20200323_null_29": 0.002822330341526901,
  "epi_isl_421342_Wisconsin_20200325_null_1": 0.002820296458524996,
  "epi_isl_421498_Portugal_20200324_null_13": 0.00282377391472542,
  "epi_isl_421667_India_20200310_null_5": 0.00282192317059229,
  "epi_isl_421731_New_York_20200318_null_1": 0.002822330329391159,
  "epi_isl_421743_Luxembourg_20200317_null_2": 0.002822330335733139,
  "epi_isl_421823_England_20200325_null_7": 0,
  "epi_isl_421860_England_20200327_null_1": 0,
  "epi_isl_421884_England_20200327_null_1": 0.002821923163929918,
  "epi_isl_421901_England_20200326_null_1": 0,
  "epi_isl_421982_England_20200401_null_2": 0.002822330335401996,
  "epi_isl_421990_England_20200331_null_1": 0.002821923173603069,
  "epi_isl_422036_Wales_20200329_null_1": 0.002821923170591322,
  "epi_isl_422054_Wales_20200329_null_2": 0.002821923163964507,
  "epi_isl_422083_Wales_20200327_null_4": 0.002822330339120001,
  "epi_isl_422087_Wales_20200328_null_1": 0,
  "epi_isl_422243_Wales_20200324_null_17": 0,
  "epi_isl_422349_Wales_20200324_null_2": 0,
  "epi_isl_422435_Singapore_20200331_null_3": 0.002829760705443473,
  "epi_isl_422465_Wisconsin_20200328_null_1": 0,
  "epi_isl_422500_New_York_20200319_null_2": 0.002821923170591322,
  "epi_isl_422668_Netherlands_20200317_null_1": 0.00282427188030555,
  "epi_isl_422965_Washington_20200316_null_9": 0,
  "epi_isl_422988_Washington_20200318_null_1": 0.00281525703995376,
  "epi_isl_423008_Washington_20200318_null_3": 0.00282233033541573,
  "epi_isl_423012_Washington_20200319_null_1": 0.002822330335619178,
  "epi_isl_423042_Bangkok_20200324_null_5561": 0
 },
 "dN/dS": {
  "internal": [
   [
    0.1238056601190336,
    1
   ]
  ],
  "leaves": [
   [
    0.9280079941546825,
    1
   ]
  ]
 },
 "map": [
  0,
  1,
  2,
  3,
  4,
  5,
  6,
  7,
  8,
  9,
  10,
  11,
  12,
  13,
  14,
  15,
  16,
  17,
  18,
  19,
  20,
  21,
  22,
  23,
  24,
  25,
  26,
  27,
  28,
  29,
  30,
  31,
  32,
  33,
  34,
  35,
  36,
  37,
  38,
  39,
  40,
  41,
  42,
  43,
  44,
  45,
  46,
  47,
  48,
  49,
  50,
  51,
  52,
  53,
  54,
  55,
  56,
  57,
  58,
  59,
  60,
  61,
  62,
  63,
  64,
  65,
  66,
  67,
  68,
  69,
  70,
  71,
  72,
  73,
  74,
  75,
  76,
  77,
  78,
  79,
  80,
  81,
  82,
  83,
  84,
  85,
  86,
  87,
  88,
  89,
  90,
  91,
  92,
  93,
  94,
  95,
  96,
  97,
  98,
  99,
  100,
  101,
  102,
  103,
  104,
  105,
  106,
  107,
  108,
  109,
  110,
  111,
  112,
  113,
  114,
  115,
  116,
  117,
  118,
  119,
  120
 ],
 "p": 0.1,
 "selection": {},
 "sequences": 74,
 "sites": 121,
 "total sequences": 5734,