{"sequences":64,"bl":{"Node113":0.00293749659780009,"Node12":0.00293794089062301,"epi_isl_413221_Scotland_20200302_null_1":0.002940683896691672,"epi_isl_413890_Guangdong_20200228_null_1":0.002939503400362948,"epi_isl_415654_Hauts_de_France_20200309_null_1":0.002939503396052092,"epi_isl_415710_Saint_Petersburg_20200315_null_1":0.002952292718942637,"epi_isl_416502_Bretagne_20200226_null_1":0.002938152135602364,"epi_isl_416566_unknown_20200215_null_1":0.002939491358623094,"epi_isl_417176_Hong_Kong_20200121_null_1":0.00293783546935583,"epi_isl_420239_South_Yorkshire_20200323_null_7":0,"epi_isl_420352_Sint_Gillis_Waas_20200307_null_2":0.00293782333263037,"epi_isl_420664_England_20200326_null_1":0.002939231607273928,"epi_isl_420901_Munich_20200312_null_5":0.002943204404187395,"epi_isl_421251_Jiangxi_20200203_null_5":0.002942901126711325,"epi_isl_421572_KZN_20200323_null_1":0.008935297892493857,"epi_isl_421651_Taipei_20200322_null_2":0.002940520880531351,"epi_isl_421654_Latvia_20200325_null_3":0.002947182612002348,"epi_isl_422125_Wales_20200328_null_1":0.002939107151060265,"epi_isl_422349_Wales_20200324_null_2":0.002939008156410005,"epi_isl_422635_Zuid_Holland_20200331_null_1":0.002940520903323208,"epi_isl_422905_Zuid_Holland_20200313_null_3":0.002939881928201593,"epi_isl_422964_Washington_20200316_null_1":0.002939881958634258,"epi_isl_423091_England_20200324_null_2":0.002941067437947826,"epi_isl_423819_England_20200323_null_2":0.002949300122548304,"epi_isl_424265_USA_20200322_null_1":0.002940520903853374,"epi_isl_427052_Victoria_20200330_null_1":0.002940520903881221,"epi_isl_427168_Idaho_20200329_null_1":0.002940918215914733,"epi_isl_427469_New_York_20200401_null_1":0.002942014146320849,"epi_isl_427540_New_York_20200313_null_4":0.002939621938093445,"epi_isl_427776_New_South_Wales_20200323_null_1":0.002937106039118626,"epi_isl_428347_Ile_De_France_20200323_null_3":0.002942014146321229,"epi_isl_428353_Hauts_De_France_20200324_null_4":0.002936134249095687,"epi_isl_428461_Guangdong_20200124_null_2":0.002940918189486747,"epi_isl_428485_Karnataka_20200412_null_1":0.00295388304054634,"epi_isl_428705_Madrid_20200321_null_3":0.002942285663753809,"epi_isl_428711_Madrid_20200322_null_1":0.002940918192521388,"epi_isl_428722_Balikesir_20200322_null_4":0.002942014120559088,"epi_isl_429071_California_20200328_null_5":0.002947182635445163,"epi_isl_429460_Unknown_20200323_null_4":0.002940534058928761,"epi_isl_429737_Luxembourg_20200324_null_52":0,"epi_isl_429766_Luxembourg_20200323_null_1":0.002935439346666614,"epi_isl_429780_Luxembourg_20200326_null_4":0.002940905481799684,"epi_isl_429818_MB_20200318_null_55":0.002940534017083966,"epi_isl_429853_Zhejiang_20200128_null_5":0.002942937484561766,"epi_isl_430034_Utah_20200317_null_8":0.002940520906954752,"epi_isl_430330_New_York_20200330_null_6":0.002942014124970518,"epi_isl_430342_New_York_20200330_null_2":0.002942014125863889,"epi_isl_430370_New_York_20200408_null_4":0.0029420141468286,"epi_isl_430456_Philippines_20200321_null_2":0.002940198667712085,"epi_isl_430496_Northern_Territory_20200101_null_19":0.002940547213025129,"epi_isl_430738_Beijing_20200205_null_1":0.002951171155901022,"epi_isl_430794_Ciudad_Autonoma_de_Buenos_Aires_20200324_null_3":0.00294053398994043,"epi_isl_430861_Varmland_20200306_null_18":0.002936517106345096,"epi_isl_430955_Washington_20200401_null_2":0.002940534037338714,"epi_isl_430965_Connecticut_20200401_null_3":0.002940534055769689,"epi_isl_430969_Washington_20200402_null_26":0.002940534030572377,"epi_isl_431784_Fujian_20200318_null_14968":0,"epi_isl_432003_Wales_20200401_null_1":0.002937835475390531,"epi_isl_432192_Wales_20200401_null_1":0.002942115587818899,"epi_isl_432723_England_20200407_null_1":0.002937823280471923,"epi_isl_433579_Scotland_20200401_null_1":0.002935669600907418,"epi_isl_433684_England_20200401_null_1":0.002939455674272038,"epi_isl_433838_England_20200101_null_1":0.0029411890714061,"epi_isl_433954_England_20200412_null_2":0.00293452155952338,"epi_isl_434536_Costa_Rica_20200317_null_1":0.01184676095326025,"epi_isl_434675_Stockholm_20200420_null_1":0.002941941601461783},"total sequences":15270,"aminoacid variant sites":[],"all variant sites":[{"GCT":61,"GCC":2,"GTT":1}],"any variation":49,"sites":113,"tree":"(epi_isl_430370_New_York_20200408_null_4,epi_isl_428347_Ile_De_France_20200323_null_3,epi_isl_429818_MB_20200318_null_55,epi_isl_423091_England_20200324_null_2,epi_isl_429780_Luxembourg_20200326_null_4,epi_isl_430496_Northern_Territory_20200101_null_19,(epi_isl_420239_South_Yorkshire_20200323_null_7,epi_isl_434536_Costa_Rica_20200317_null_1,epi_isl_430738_Beijing_20200205_null_1)Node113,epi_isl_413221_Scotland_20200302_null_1,epi_isl_424265_USA_20200322_null_1,epi_isl_432003_Wales_20200401_null_1,epi_isl_422349_Wales_20200324_null_2,epi_isl_427776_New_South_Wales_20200323_null_1,epi_isl_422635_Zuid_Holland_20200331_null_1,epi_isl_417176_Hong_Kong_20200121_null_1,epi_isl_430456_Philippines_20200321_null_2,epi_isl_429460_Unknown_20200323_null_4,epi_isl_428722_Balikesir_20200322_null_4,epi_isl_430969_Washington_20200402_null_26,epi_isl_433838_England_20200101_null_1,epi_isl_421251_Jiangxi_20200203_null_5,epi_isl_433684_England_20200401_null_1,epi_isl_423819_England_20200323_null_2,epi_isl_428711_Madrid_20200322_null_1,epi_isl_422964_Washington_20200316_null_1,epi_isl_416502_Bretagne_20200226_null_1,epi_isl_420664_England_20200326_null_1,epi_isl_428353_Hauts_De_France_20200324_null_4,epi_isl_430861_Varmland_20200306_null_18,epi_isl_422125_Wales_20200328_null_1,epi_isl_429071_California_20200328_null_5,epi_isl_430330_New_York_20200330_null_6,epi_isl_427052_Victoria_20200330_null_1,epi_isl_434675_Stockholm_20200420_null_1,epi_isl_413890_Guangdong_20200228_null_1,epi_isl_430955_Washington_20200401_null_2,epi_isl_432723_England_20200407_null_1,epi_isl_427540_New_York_20200313_null_4,epi_isl_429766_Luxembourg_20200323_null_1,epi_isl_415654_Hauts_de_France_20200309_null_1,epi_isl_415710_Saint_Petersburg_20200315_null_1,epi_isl_428461_Guangdong_20200124_null_2,epi_isl_430794_Ciudad_Autonoma_de_Buenos_Aires_20200324_null_3,epi_isl_421654_Latvia_20200325_null_3,epi_isl_428705_Madrid_20200321_null_3,epi_isl_427168_Idaho_20200329_null_1,epi_isl_427469_New_York_20200401_null_1,epi_isl_422905_Zuid_Holland_20200313_null_3,epi_isl_432192_Wales_20200401_null_1,epi_isl_420352_Sint_Gillis_Waas_20200307_null_2,epi_isl_421651_Taipei_20200322_null_2,(epi_isl_433954_England_20200412_null_2,epi_isl_429737_Luxembourg_20200324_null_52)Node12,epi_isl_431784_Fujian_20200318_null_14968,epi_isl_421572_KZN_20200323_null_1,epi_isl_429853_Zhejiang_20200128_null_5,epi_isl_430965_Connecticut_20200401_null_3,epi_isl_433579_Scotland_20200401_null_1,epi_isl_420901_Munich_20200312_null_5,epi_isl_430342_New_York_20200330_null_2,epi_isl_430034_Utah_20200317_null_8,epi_isl_416566_unknown_20200215_null_1,epi_isl_428485_Karnataka_20200412_null_1)","MAF":0.2,"L":0.0058754374884230996,"p":0.1,