{"sequences":87,"bl":{"Node104":0.002284577450513099,"Node113":0.002280583696664608,"Node116":0.002282635247090591,"Node119":0.002290226358234914,"Node122":0.002283188627866077,"Node125":0.002282387845772769,"Node128":0.002282454333813508,"Node132":0.002269559719014829,"Node137":0.002269571546922064,"Node142":0.002276268581990979,"Node147":0.002286045115047615,"Node15":0.004454323628305238,"Node153":0.002284737892487966,"Node21":0.004451756236522392,"Node24":0.003716383342367166,"Node25":0.0001479380687004065,"Node39":0.00386331973094868,"Node43":0.004118851853924266,"Node45":0.001145225395933187,"Node64":0.004450757668392503,"Node73":0.002352686354223851,"epi_isl_411929_South_Korea_20200101_null_1":0.004443680091063847,"epi_isl_413015_Ontario_20200123_null_1":0.004452216060531135,"epi_isl_413879_Guangdong_20200205_null_1":0.004463804579540169,"epi_isl_414010_England_20200226_null_1":0,"epi_isl_414543_Noord_Brabant_20200301_null_1":0.004443012214259673,"epi_isl_414686_Guangdong_20200227_null_1":0.002356139657392985,"epi_isl_416374_Shanghai_20200207_null_1":0.004461974779841252,"epi_isl_417413_Turkey_20200317_null_1":0.004482597688668569,"epi_isl_418260_Abruzzo_20200316_null_1":0,"epi_isl_418303_Derbyshire_20200325_null_1":0.004446265807581535,"epi_isl_418874_Washington_20200316_null_1":0,"epi_isl_419558_Oregon_20200227_null_5":0.004452553547499267,"epi_isl_419999_Victoria_20200323_null_1":0.004451913168082332,"epi_isl_420057_Hauts_de_France_20200322_null_2":0.002157880406339495,"epi_isl_420073_Dakar_20200319_null_1":0.004459433587009877,"epi_isl_420160_South_Yorkshire_20200327_null_7":0.004453386802664347,"epi_isl_420640_England_20200323_null_3":0.002680353227978279,"epi_isl_420928_Wales_20200320_null_2":0.004452513680880526,"epi_isl_421509_Hauts_de_France_20200323_null_4":0.004444021123179592,"epi_isl_421943_England_20200331_null_1":0,"epi_isl_421944_England_20200331_null_2":0.002166042436848002,"epi_isl_422213_Wales_20200328_null_2":0.004233048108208804,"epi_isl_422334_Wales_20200327_null_2":0.003858769904063017,"epi_isl_422839_Netherlands_20200310_null_1":0.004452553545791048,"epi_isl_422854_Netherlands_20200318_null_1":0.002185691224629436,"epi_isl_422937_Zuid_Holland_20200324_null_1":0.004458369346419925,"epi_isl_422956_Zuid_Holland_20200327_null_2":0.002170310673962313,"epi_isl_423593_England_20200402_null_1":0.004452575709280146,"epi_isl_423599_England_20200321_null_1":0,"epi_isl_423687_England_20200323_null_2":0,"epi_isl_423700_England_20200323_null_2":0,"epi_isl_423745_England_20200323_null_1":0,"epi_isl_423759_England_20200323_null_1":0,"epi_isl_423812_England_20200323_null_5":0.002675020466045045,"epi_isl_423821_England_20200323_null_1":0,"epi_isl_423833_England_20200323_null_2":0,"epi_isl_423860_England_20200318_null_1":0,"epi_isl_423916_England_20200318_null_5":0.002688761982955208,"epi_isl_424013_England_20200321_null_9":0.002181534559385152,"epi_isl_424124_England_20200321_null_1":0,"epi_isl_424214_Washington_20200320_null_4":0.004451833712200023,"epi_isl_424602_Reykjavik_20200327_null_1":0.004443012201854848,"epi_isl_424606_Reykjavik_20200328_null_1":0.002185698845418511,"epi_isl_425207_Comunitat_Valenciana_20200321_null_1":0.004451811534074868,"epi_isl_425977_Scotland_20200329_null_1":0.004444624134107902,"epi_isl_426464_Virginia_20200401_null_1":0.004452059794073875,"epi_isl_426742_Victoria_20200327_null_1":0.004459082057939464,"epi_isl_427007_Victoria_20200329_null_2":0.004452059792005084,"epi_isl_427037_Victoria_20200330_null_1":0.002168476796836646,"epi_isl_427287_Minnesota_20200323_null_1":0.004459521179310214,"epi_isl_427369_Liege_20200407_null_1":0.009105597647287427,"epi_isl_427540_New_York_20200313_null_1":0.004459433650193716,"epi_isl_428482_Karnataka_20200408_null_1":0.004460074403100315,"epi_isl_428773_New_York_20200405_null_5":0,"epi_isl_428996_California_20200328_null_8":0.002166378333811884,"epi_isl_429095_Guangzhou_20200208_null_4":0.0009845913171111808,"epi_isl_429422_Unknown_20200310_null_1":0.004452059787794805,"epi_isl_429674_Minas_gerais_20200311_null_1":0.00446083277320659,"epi_isl_429731_Luxembourg_20200331_null_16":0.004452171093234539,"epi_isl_430016_California_20200324_null_1":0.002163424118640161,"epi_isl_430058_Utah_20200403_null_13":0.00445217106497718,"epi_isl_430146_Washington_20200305_null_2":0.004453416837106954,"epi_isl_430150_Washington_20200313_null_2":0.004459434793115961,"epi_isl_430203_Washington_20200318_null_1":0.002173615257169751,"epi_isl_430296_Washington_20200306_null_2":0,"epi_isl_430356_New_Jersey_20200402_null_6":0.00216625263319251,"epi_isl_430378_New_York_20200407_null_7":0.002878853276565891,"epi_isl_430456_Philippines_20200321_null_1":0,"epi_isl_430483_Victoria_20200331_null_1":0,"epi_isl_430488_Victoria_20200331_null_1":0,"epi_isl_430504_Victoria_20200331_null_1":0,"epi_isl_430570_Victoria_20200407_null_1":0,"epi_isl_430571_Victoria_20200407_null_1":0,"epi_isl_430582_Victoria_20200407_null_22":0.004455183650880113,"epi_isl_430603_Victoria_20200409_null_1":0,"epi_isl_430621_Victoria_20200410_null_1":0,"epi_isl_430634_Northern_Territory_20200101_null_1":0,"epi_isl_430657_Victoria_20200328_null_6":0,"epi_isl_430713_Victoria_20200409_null_1":0,"epi_isl_430719_Madrid_20200311_null_1":0.1452108985603497,"epi_isl_430817_Ciudad_Autonoma_de_Buenos_Aires_20200418_null_3":0.002354591917808089,"epi_isl_430944_Connecticut_20200330_null_11":0.004444713588900613,"epi_isl_431784_Fujian_20200318_null_15036":0,"epi_isl_432327_Wales_20200401_null_1":0.004452838152546145,"epi_isl_432600_England_20200329_null_1":0.004451204211036637,"epi_isl_434357_Ghent_20200327_null_2":0.002165389274695506,"epi_isl_434693_Nonthaburi_20200116_null_1":0},"total sequences":15260,"aminoacid variant sites":[],"all variant sites":[{"TAC":84,"TAT":2},{"TAC":85,"TAT":2}],"any variation":54,"sites":76,