{"sequences":103,"bl":{"epi_isl_406592_Guandong_20200113_null_1":0.001715105549100956,"epi_isl_406799_Wuhan_20191231_null_1":0.01042570263316689,"epi_isl_411929_South_Korea_20200101_null_1":0.001712630921549686,"epi_isl_413870_Guangdong_20200228_null_1":0.001711991236634095,"epi_isl_414008_England_20200227_null_1":0.001712066452642213,"epi_isl_415537_Wales_20200308_null_1":0.001720175425261531,"epi_isl_417445_Lombardy_20200224_null_1":0.003452182013438504,"epi_isl_417554_Reykjavik_20200316_null_2":0.001712845765072473,"epi_isl_417919_Kuala_Lumpur_20200314_null_1":0.001712009655497943,"epi_isl_418081_Washington_20200315_null_2":0.001713043670961661,"epi_isl_418307_Derbyshire_20200324_null_2":0.001711991224543465,"epi_isl_418385_Finland_20200313_null_1":0.001711991257297624,"epi_isl_418697_England_20200316_null_2":0.001712630921549686,"epi_isl_419246_Hong_Kong_20200223_null_1":0.001712845729442103,"epi_isl_419657_Austria_20200303_null_1":0.001712630921549686,"epi_isl_419986_Victoria_20200323_null_1":0.001712393107857954,"epi_isl_420031_Kinshasa_20200321_null_1":0.001713043677164771,"epi_isl_420318_Arbre_20200307_null_1":0.001711877993269372,"epi_isl_420320_Ukkel_20200309_null_1":0.00171912298333362,"epi_isl_420388_Vilvoorde_20200324_null_1":0.001712080032670329,"epi_isl_420498_England_20200322_null_1":0.001712441691395773,"epi_isl_420640_England_20200323_null_3":0.001712009667750091,"epi_isl_420701_England_20200327_null_3":0.001712630899465971,"epi_isl_420805_Utah_20200314_null_4":0.001712291563247341,"epi_isl_421177_Madrid_20200327_null_1":0.001711622839910738,"epi_isl_421393_New_York_20200318_null_2":0.001712736874546639,"epi_isl_421482_Portugal_20200318_null_1":0.001711479049657725,"epi_isl_421731_New_York_20200318_null_1":0.001712291563609049,"epi_isl_421789_England_20200325_null_1":0.001712321493813496,"epi_isl_421980_England_20200331_null_1":0.001713011626513136,"epi_isl_422115_Wales_20200330_null_2":0.001712845722094603,"epi_isl_422197_Wales_20200329_null_2":0.001712080071166823,"epi_isl_422281_Wales_20200327_null_2":0.00171176693433603,"epi_isl_422600_Netherlands_20200401_null_2":0.00171176688869307,"epi_isl_422656_Netherlands_20200318_null_2":0.001712076795451588,"epi_isl_422717_Netherlands_20200322_null_5":0.001712076789831754,"epi_isl_422958_Zuid_Holland_20200329_null_13":0.001712975680964007,"epi_isl_423012_Washington_20200319_null_1":0.001711766937085225,"epi_isl_423085_England_20200325_null_1":0.001712281320451571,"epi_isl_423389_England_20200330_null_1":0.001712813135444603,"epi_isl_423898_England_20200318_null_1":0.00171281316405086,"epi_isl_423992_England_20200321_null_1":0.001711545720024159,"epi_isl_424018_England_20200312_null_8":0.001712245415444037,"epi_isl_424090_England_20200313_null_2":0.001712813128950687,"epi_isl_424171_Washington_20200319_null_1":0.005174428425209953,"epi_isl_424210_Washington_20200320_null_1":0.001712076780432674,"epi_isl_424325_Washington_20200324_null_3":0.001712245411686048,"epi_isl_424348_Mexico_City_20200313_null_1":0.001712076781062777,"epi_isl_424485_Reykjavik_20200320_null_5":0.001712076790060475,"epi_isl_424636_Li_ge_20200403_null_1":0.001712076786477532,"epi_isl_425440_England_20200101_null_2":0.001711766868940496,"epi_isl_425707_Scotland_20200317_null_6":0.001712630919303819,"epi_isl_426025_New_York_20200303_null_1":0.001712630921808743,"epi_isl_426028_New_York_20200304_null_2":0.001712630966696035,"epi_isl_426787_Victoria_20200323_null_2":0.001712215112727413,"epi_isl_426843_Victoria_20200324_null_4":0.001713252994748418,"epi_isl_426867_Victoria_20200326_null_1":0.00171305104053747,"epi_isl_427002_Victoria_20200327_null_2":0.001712630966696035,"epi_isl_427082_Victoria_20200328_null_1":0.001712630932066511,"epi_isl_427091_Victoria_20200403_null_2":0.001712813147882895,"epi_isl_427123_Victoria_20200405_null_10":0.001712009659363555,"epi_isl_427245_Washington_20200401_null_3":0.001712630941569044,"epi_isl_427305_Santa_Catarina_20200310_null_1":0.00171263097447026,"epi_isl_427387_Liege_20200407_null_2":0.001712630965133187,"epi_isl_427480_New_York_20200401_null_1":0.001713043697852033,"epi_isl_427481_New_York_20200401_null_2":0.001713043698932959,"epi_isl_427634_New_York_20200406_null_1":0.001712630951834945,"epi_isl_427674_New_South_Wales_20200322_null_1":0.001712630921549686,"epi_isl_428347_Ile_De_France_20200323_null_3":0.001712630953662003,"epi_isl_428349_Ile_De_France_20200323_null_2":0.001727193256436756,"epi_isl_428677_Madrid_20200311_null_1":0.001713011602503467,"epi_isl_428704_Madrid_20200311_null_3":0.001715072950574996,"epi_isl_428720_Ankara_20200321_null_1":0.001712813127332576,"epi_isl_428729_Wisconsin_20200402_null_1":0.001711991241171585,"epi_isl_428918_Novosibirsk_Region_20200327_null_5":0.001712630916580493,"epi_isl_429013_California_20200328_null_2":0.001712630902060832,"epi_isl_429023_California_20200331_null_2":0.001713043670956473,"epi_isl_429470_Unknown_20200323_null_1":0.001712845744765894,"epi_isl_429571_Unknown_20200326_null_1":0.001711479089859915,"epi_isl_429627_Washington_20200327_null_2":0.001712291569105502,"epi_isl_429694_Minas_gerais_20200318_null_1":0.001711479082819871,"epi_isl_430132_Washington_20200317_null_20":0.00171319403479458,"epi_isl_430228_Washington_20200323_null_1":0.001712153698084413,"epi_isl_430354_New_York_20200403_null_9":0.001712441945788054,"epi_isl_430399_New_York_20200410_null_8":0.001712291475328213,"epi_isl_430482_Victoria_20200331_null_3":0.00171229155367692,"epi_isl_430593_Victoria_20200408_null_3":0.001712291656845684,"epi_isl_430803_Ciudad_Autonoma_de_Buenos_Aires_20200401_null_6":0.001712291546057094,"epi_isl_430849_Halland_20200311_null_1":0.001711991238723523,"epi_isl_430909_USA_20200408_null_1":0.001712845749769113,"epi_isl_430916_USA_20200407_null_3":0.001713221645661742,"epi_isl_431011_Kinshasa_20200407_null_14969":0,"epi_isl_432385_Wales_20200401_null_1":0.001712845730621799,"epi_isl_432600_England_20200329_null_1":0.001712522015623402,"epi_isl_433057_England_20200404_null_1":0.00171249292705863,"epi_isl_433296_Scotland_20200323_null_1":0.001715105571283491,"epi_isl_433360_Scotland_20200328_null_1":0.001713043707533784,"epi_isl_433576_Scotland_20200402_null_2":0.001711991244733803,"epi_isl_434248_Washington_20200401_null_1":0.001713043669882153,"epi_isl_434249_Washington_20200402_null_1":0.001713043702267259,"epi_isl_434385_Antwerp_20200411_null_1":0.001712630921549686,"epi_isl_434632_Occitanie_20200409_null_1":0.00171263089672035,"epi_isl_434666_Vasterbotten_20200408_null_1":0.001712845754981526},"total sequences":15202,"aminoacid variant sites":[],"all variant sites":[],"any variation":86,"sites":198,