{"sequences":61,"bl":{"Node104":0.004111214186135289,"Node108":0.004106633098844073,"Node116":0.004105084693314449,"Node41":0.004111566799553074,"Node95":0.004111912745510493,"Node96":1.265141678419198,"epi_isl_406799_Wuhan_20191231_null_1":0,"epi_isl_416382_Shanghai_20200208_null_3":0.004110931585876517,"epi_isl_417445_Lombardy_20200224_null_1":0.008343370376097748,"epi_isl_418031_Washington_20200316_null_1":5938.134360144363,"epi_isl_418972_New_York_20200317_null_1":0.004110648203109336,"epi_isl_419186_ARA_20200322_null_4":0.004101133512368658,"epi_isl_419839_Victoria_20200316_null_1":0.004105341354906364,"epi_isl_420191_South_Yorkshire_20200327_null_3":0.004105293480107175,"epi_isl_420300_New_York_20200318_null_1":0.004117265396445926,"epi_isl_420403_Geraardsbergen_20200325_null_2":0.004104804360378783,"epi_isl_420711_England_20200328_null_1":0.004112128547982942,"epi_isl_421241_Jiangxi_20200130_null_16":0.004110648203109336,"epi_isl_421487_Portugal_20200322_null_1":0.00411188763545006,"epi_isl_421660_Ohio_20200401_null_1":0.004122240828533845,"epi_isl_421751_Luxembourg_20200317_null_3":0,"epi_isl_421955_England_20200330_null_1":0.004112335933234685,"epi_isl_422283_Wales_20200327_null_2":0.004104243525900874,"epi_isl_422462_Iowa_20200403_null_10":0.004112045083453373,"epi_isl_422544_New_York_20200320_null_1":0.004103102175352872,"epi_isl_422654_Netherlands_20200318_null_1":0.004121349583509369,"epi_isl_423486_England_20200331_null_4":0.004104641421958534,"epi_isl_424355_Beijing_20200124_null_1":0.004111319690900678,"epi_isl_424503_Reykjavik_20200320_null_1":0.004103227747916218,"epi_isl_424545_Reykjavik_20200325_null_2":0.004102955945898491,"epi_isl_424582_Reykjavik_20200327_null_1":0.004117846801608062,"epi_isl_424597_Reykjavik_20200327_null_2":0.004110466393425595,"epi_isl_425417_England_20200316_null_2":0.004109980124376183,"epi_isl_426102_Washington_20200325_null_3":0.004109980124376183,"epi_isl_426880_Victoria_20200323_null_2":0.004104590895488487,"epi_isl_427041_Victoria_20200329_null_1":0.00415641687642635,"epi_isl_427292_Alagoas_20200318_null_3":0.004112335961825742,"epi_isl_427377_Liege_20200407_null_2":0.004102709664816048,"epi_isl_427473_New_York_20200401_null_1":0.004112128642725889,"epi_isl_428787_New_York_20200406_null_1":0.004111118314276214,"epi_isl_429534_Unknown_20200325_null_1":0.004104423792196888,"epi_isl_429588_Unknown_20200326_null_4":0.004112045105783092,"epi_isl_429644_Washington_20200408_null_4":0.004110585403312318,"epi_isl_429678_Minas_gerais_20200316_null_7":0,"epi_isl_429884_Taiwan_20200330_null_5":0.004109980124341494,"epi_isl_430062_Utah_20200403_null_11":0.004109980124362443,"epi_isl_430225_Washington_20200320_null_2":0.004106729292044287,"epi_isl_430342_New_York_20200330_null_1":0.004106681367971598,"epi_isl_430362_New_York_20200408_null_2":0.004117611180661625,"epi_isl_430363_New_York_20200408_null_2":0.004112335961804397,"epi_isl_430388_New_York_20200409_null_7":0,"epi_isl_430415_New_York_20200410_null_1":0.004109342614884497,"epi_isl_430429_New_York_20200413_null_2":0.004112329213330964,"epi_isl_430668_Victoria_20200403_null_2":0.004109730546298187,"epi_isl_430926_Connecticut_20200404_null_1":0.004104886301754529,"epi_isl_430961_Connecticut_20200401_null_194":0.004107731571341109,"epi_isl_431017_Alaska_20200324_null_14945":0,"epi_isl_432224_Wales_20200331_null_1":0.00410998012799524,"epi_isl_432537_England_20200320_null_1":0.004104429366795511,"epi_isl_432861_England_20200401_null_1":0.004109980124362443,"epi_isl_433206_Scotland_20200402_null_2":0,"epi_isl_433553_Scotland_20200401_null_1":0.00410998012432775,"epi_isl_433621_Scotland_20200404_null_1":0.004104429366795511,"epi_isl_433922_England_20200411_null_1":0,"epi_isl_433971_England_20200413_null_2":0.004104423792220809,"epi_isl_434030_England_20200414_null_2":0.004106729274740932,"epi_isl_434383_Antwerp_20200410_null_1":0.004115673316782324},"total sequences":15285,"aminoacid variant sites":[{"I":2,"V":58},{"S":56,"R":1,"L":3}],"all variant sites":[{"ATA":2,"GTA":58},{"GTC":57,"GTT":2},{"TCA":56,"CGG":1,"TTA":3},{"GAC":57,"CCT":1,"GAT":2}],"any variation":49,"sites":83,"tree":"((epi_isl_433922_England_20200411_null_1,epi_isl_434383_Antwerp_20200410_null_1)Node116,epi_isl_422544_New_York_20200320_null_1,epi_isl_433971_England_20200413_null_2,epi_isl_424355_Beijing_20200124_null_1,epi_isl_421660_Ohio_20200401_null_1,epi_isl_430415_New_York_20200410_null_1,epi_isl_429884_Taiwan_20200330_null_5,epi_isl_427292_Alagoas_20200318_null_3,epi_isl_422654_Netherlands_20200318_null_1,epi_isl_429588_Unknown_20200326_null_4,epi_isl_433621_Scotland_20200404_null_1,epi_isl_416382_Shanghai_20200208_null_3,epi_isl_420191_South_Yorkshire_20200327_null_3,epi_isl_428787_New_York_20200406_null_1,epi_isl_432861_England_20200401_null_1,epi_isl_422283_Wales_20200327_null_2,epi_isl_419186_ARA_20200322_null_4,epi_isl_424545_Reykjavik_20200325_null_2,epi_isl_429534_Unknown_20200325_null_1,(epi_isl_424582_Reykjavik_20200327_null_1,epi_isl_430388_New_York_20200409_null_7)Node41,epi_isl_421955_England_20200330_null_1,epi_isl_432537_England_20200320_null_1,epi_isl_421487_Portugal_20200322_null_1,epi_isl_434030_England_20200414_null_2,epi_isl_423486_England_20200331_null_4,epi_isl_430062_Utah_20200403_null_11,epi_isl_421241_Jiangxi_20200130_null_16,epi_isl_430342_New_York_20200330_null_1,epi_isl_430668_Victoria_20200403_null_2,epi_isl_433553_Scotland_20200401_null_1,epi_isl_418972_New_York_20200317_null_1,epi_isl_419839_Victoria_20200316_null_1,epi_isl_427473_New_York_20200401_null_1,epi_isl_432224_Wales_20200331_null_1,epi_isl_424503_Reykjavik_20200320_null_1,epi_isl_426102_Washington_20200325_null_3,epi_isl_427377_Liege_20200407_null_2,epi_isl_424597_Reykjavik_20200327_null_2,epi_isl_422462_Iowa_20200403_null_10,epi_isl_425417_England_20200316_null_2,epi_isl_420403_Geraardsbergen_20200325_null_2,epi_isl_430926_Connecticut_20200404_null_1,epi_isl_431017_Alaska_20200324_null_14945,epi_isl_429644_Washington_20200408_null_4,epi_isl_430363_New_York_20200408_null_2,epi_isl_430225_Washington_20200320_null_2,epi_isl_430429_New_York_20200413_null_2,epi_isl_420711_England_20200328_null_1,epi_isl_427041_Victoria_20200329_null_1,(epi_isl_429678_Minas_gerais_20200316_null_7,epi_isl_430362_New_York_20200408_null_2)Node108,(epi_isl_433206_Scotland_20200402_null_2,epi_isl_420300_New_York_20200318_null_1)Node104,epi_isl_430961_Connecticut_20200401_null_194,epi_isl_417445_Lombardy_20200224_null_1,((epi_isl_406799_Wuhan_20191231_null_1,epi_isl_418031_Washington_20200316_null_1)Node96,epi_isl_421751_Luxembourg_20200317_null_3)Node95,epi_isl_426880_Victoria_20200323_null_2)","MAF":0.2,"L":1.2856880899425553,"p":0.1,