{"sequences":57,"bl":{"Node103":0.004425919708731315,"Node13":0.00441859731868726,"Node35":0.002854242663198412,"Node40":0.002885037508843096,"Node45":0.002862386118217713,"Node51":0.002852294852401793,"Node57":0.002874361035230859,"Node64":0.004426802601213027,"Node70":0.002519623182326586,"Node71":0.001906477281579246,"Node76":0.004426504466138776,"Node82":0.002862255648576008,"epi_isl_411929_South_Korea_20200101_null_1":0.004429557575231154,"epi_isl_413015_Ontario_20200123_null_1":0.004426790000800525,"epi_isl_413878_Guangdong_20200209_null_4":0,"epi_isl_413879_Guangdong_20200205_null_1":0.004438874652025956,"epi_isl_414010_England_20200226_null_1":0,"epi_isl_414543_Noord_Brabant_20200301_null_1":0.004416470213012019,"epi_isl_414686_Guangdong_20200227_null_1":0.004423405136606728,"epi_isl_414688_Guangdong_20200225_null_2":0,"epi_isl_416374_Shanghai_20200207_null_1":0.004426112249897709,"epi_isl_417413_Turkey_20200317_null_1":0.004453716146805642,"epi_isl_418260_Abruzzo_20200316_null_1":0,"epi_isl_418303_Derbyshire_20200325_null_1":0.004417408754687087,"epi_isl_418653_Li_ge_20200322_null_1":0.004426776304173908,"epi_isl_419558_Oregon_20200227_null_5":0.004426780538785308,"epi_isl_419999_Victoria_20200323_null_1":0.004427466962272856,"epi_isl_420057_Hauts_de_France_20200322_null_1":0.00442746473054043,"epi_isl_420073_Dakar_20200319_null_1":0.004435777369349417,"epi_isl_420160_South_Yorkshire_20200327_null_1":0.004428776601518581,"epi_isl_420640_England_20200323_null_2":0.001547979521405114,"epi_isl_420928_Wales_20200320_null_1":0.004427464701038442,"epi_isl_421001_Wales_20200323_null_1":0.004435795503349407,"epi_isl_421509_Hauts_de_France_20200323_null_4":0.004417408642240685,"epi_isl_421943_England_20200331_null_1":0,"epi_isl_421944_England_20200331_null_2":0.001570507298230384,"epi_isl_422209_Wales_20200327_null_5":0.004428255515153193,"epi_isl_422213_Wales_20200328_null_1":0.004434799801626694,"epi_isl_422334_Wales_20200327_null_2":0.004420605235563326,"epi_isl_422839_Netherlands_20200310_null_1":0.004426792933130298,"epi_isl_422854_Netherlands_20200318_null_1":0.001571251226645337,"epi_isl_422937_Zuid_Holland_20200324_null_1":0.00443845564926735,"epi_isl_422956_Zuid_Holland_20200327_null_1":0.001571116665618328,"epi_isl_423012_Washington_20200319_null_2":0,"epi_isl_423593_England_20200402_null_1":0.004426792474726235,"epi_isl_423599_England_20200321_null_1":0,"epi_isl_423687_England_20200323_null_2":0,"epi_isl_423700_England_20200323_null_2":0,"epi_isl_423745_England_20200323_null_1":0,"epi_isl_423759_England_20200323_null_1":0,"epi_isl_423812_England_20200323_null_5":0,"epi_isl_423821_England_20200323_null_1":0,"epi_isl_423833_England_20200323_null_2":0,"epi_isl_423860_England_20200318_null_1":0,"epi_isl_423916_England_20200318_null_4":0,"epi_isl_424013_England_20200321_null_9":0.001539765047441714,"epi_isl_424099_England_20200313_null_5":0.004426784027889054,"epi_isl_424124_England_20200321_null_1":0,"epi_isl_424214_Washington_20200320_null_2":0.004426794903381419,"epi_isl_424602_Reykjavik_20200327_null_1":0.004416433995849431,"epi_isl_424606_Reykjavik_20200328_null_1":0.001581449749506599,"epi_isl_424651_Li_ge_20200405_null_8":0.004426780231050938,"epi_isl_425207_Comunitat_Valenciana_20200321_null_1":0.004426780328738954,"epi_isl_425677_Scotland_20200316_null_3":0.00442491617217798,"epi_isl_425866_Scotland_20200319_null_7":0.004426770160371163,"epi_isl_425977_Scotland_20200329_null_1":0.004417408270809815,"epi_isl_426126_Washington_20200326_null_8874":0,"epi_isl_426128_Washington_20200325_null_5":0.004417401356295569,"epi_isl_426161_Wisconsin_20200406_null_1":0.04666898730029412},"total sequences":8991,"aminoacid variant sites":[{"S":52,"C":1,"Y":1,"F":2}],"all variant sites":[{"TAC":55,"TAT":2},{"TCT":52,"TGT":1,"TAT":1,"TNT":1,"TTT":2}],"any variation":40,"sites":76,"tree":"(epi_isl_419558_Oregon_20200227_null_5,epi_isl_420057_Hauts_de_France_20200322_null_1,(epi_isl_414686_Guangdong_20200227_null_1,epi_isl_423916_England_20200318_null_4)Node103,epi_isl_424214_Washington_20200320_null_2,epi_isl_411929_South_Korea_20200101_null_1,epi_isl_413015_Ontario_20200123_null_1,epi_isl_424651_Li_ge_20200405_null_8,(epi_isl_421943_England_20200331_null_1,epi_isl_421944_England_20200331_null_2)Node35,epi_isl_417413_Turkey_20200317_null_1,epi_isl_418260_Abruzzo_20200316_null_1,epi_isl_423745_England_20200323_null_1,epi_isl_423700_England_20200323_null_2,epi_isl_423599_England_20200321_null_1,epi_isl_423759_England_20200323_null_1,(epi_isl_423687_England_20200323_null_2,epi_isl_424013_England_20200321_null_9)Node40,epi_isl_419999_Victoria_20200323_null_1,(epi_isl_422956_Zuid_Holland_20200327_null_1,epi_isl_424124_England_20200321_null_1)Node45,epi_isl_418303_Derbyshire_20200325_null_1,epi_isl_424602_Reykjavik_20200327_null_1,(epi_isl_423821_England_20200323_null_1,epi_isl_424606_Reykjavik_20200328_null_1)Node51,epi_isl_425977_Scotland_20200329_null_1,(epi_isl_420640_England_20200323_null_2,epi_isl_423833_England_20200323_null_2)Node57,epi_isl_421509_Hauts_de_France_20200323_null_4,(epi_isl_422334_Wales_20200327_null_2,epi_isl_423812_England_20200323_null_5)Node13,epi_isl_425866_Scotland_20200319_null_7,(epi_isl_413879_Guangdong_20200205_null_1,epi_isl_413878_Guangdong_20200209_null_4)Node64,epi_isl_426126_Washington_20200326_null_8874,epi_isl_422209_Wales_20200327_null_5,((epi_isl_414688_Guangdong_20200225_null_2,epi_isl_422213_Wales_20200328_null_1)Node71,epi_isl_423860_England_20200318_null_1)Node70,epi_isl_418653_Li_ge_20200322_null_1,(epi_isl_423012_Washington_20200319_null_2,epi_isl_426161_Wisconsin_20200406_null_1)Node76,epi_isl_425677_Scotland_20200316_null_3,epi_isl_420160_South_Yorkshire_20200327_null_1,epi_isl_422937_Zuid_Holland_20200324_null_1,(epi_isl_414010_England_20200226_null_1,epi_isl_422854_Netherlands_20200318_null_1)Node82,epi_isl_424099_England_20200313_null_5,epi_isl_426128_Washington_20200325_null_5,epi_isl_421001_Wales_20200323_null_1,epi_isl_423593_England_20200402_null_1,epi_isl_425207_Comunitat_Valenciana_20200321_null_1,epi_isl_416374_Shanghai_20200207_null_1,epi_isl_422839_Netherlands_20200310_null_1,epi_isl_420928_Wales_20200320_null_1,epi_isl_414543_Noord_Brabant_20200301_null_1,epi_isl_420073_Dakar_20200319_null_1)","MAF":0.2,"L":0.03931450238514409,"p":0.1,