{"sequences":65,"bl":{"epi_isl_406592_Guandong_20200113_null_1":0.001713289976730632,"epi_isl_406799_Wuhan_20191231_null_1":0.01039718621391327,"epi_isl_411929_South_Korea_20200101_null_1":0.001711707492395538,"epi_isl_412978_Hubei_20200117_null_1":0.001722947823458797,"epi_isl_413870_Guangdong_20200228_null_1":0.001710494107631386,"epi_isl_413880_Guangdong_20200205_null_7":0.001711706205584905,"epi_isl_414008_England_20200227_null_1":0.001711709900680398,"epi_isl_415537_Wales_20200308_null_1":0.001718109087122767,"epi_isl_417349_Washington_20200312_null_2":0.001711706288712305,"epi_isl_417445_Lombardy_20200224_null_1":0.003448970163305701,"epi_isl_417554_Reykjavik_20200316_null_1":0.001711161281363622,"epi_isl_417919_Kuala_Lumpur_20200314_null_1":0.001710500792703638,"epi_isl_417980_Madrid_20200303_null_1":0.001713289938753818,"epi_isl_418081_Washington_20200315_null_2":0.001712254436607127,"epi_isl_418307_Derbyshire_20200324_null_1":0.00171049364482853,"epi_isl_418385_Finland_20200313_null_1":0.001710493621449515,"epi_isl_418697_England_20200316_null_2":0.001711705909039102,"epi_isl_419246_Hong_Kong_20200223_null_1":0.001711161290622201,"epi_isl_419657_Austria_20200303_null_1":0.001711705882049375,"epi_isl_419986_Victoria_20200323_null_1":0.00171213721558898,"epi_isl_420031_Kinshasa_20200321_null_1":0.001712254465714839,"epi_isl_420318_Arbre_20200307_null_1":0.00171049373299822,"epi_isl_420320_Ukkel_20200309_null_1":0.001716441418225883,"epi_isl_420388_Vilvoorde_20200324_null_1":0.001710500768693913,"epi_isl_420498_England_20200322_null_1":0.001711705940223055,"epi_isl_420640_England_20200323_null_2":0.001710500792689392,"epi_isl_420701_England_20200327_null_3":0.001711705897543739,"epi_isl_420805_Utah_20200314_null_3":0.001711705879023423,"epi_isl_421177_Madrid_20200327_null_1":0.001710493642238278,"epi_isl_421393_New_York_20200318_null_2":0.001711775641010128,"epi_isl_421482_Portugal_20200318_null_1":0.001710493688706903,"epi_isl_421731_New_York_20200318_null_1":0.001711705946419415,"epi_isl_421789_England_20200325_null_1":0.001711706172654733,"epi_isl_421980_England_20200331_null_1":0.001712254725498336,"epi_isl_422115_Wales_20200330_null_1":0.001711161159642786,"epi_isl_422197_Wales_20200329_null_1":0.001710501305340314,"epi_isl_422281_Wales_20200327_null_2":0.001710493620093851,"epi_isl_422526_New_York_20200322_null_2":0.001710501686834471,"epi_isl_422600_Netherlands_20200401_null_2":0.001710493717734713,"epi_isl_422656_Netherlands_20200318_null_2":0.001711705864244223,"epi_isl_422717_Netherlands_20200322_null_5":0.001711705884157863,"epi_isl_422792_Netherlands_20200330_null_1":0.001711705899808538,"epi_isl_422958_Zuid_Holland_20200329_null_12":0.001712254792116698,"epi_isl_423012_Washington_20200319_null_1":0.001710494211028135,"epi_isl_423085_England_20200325_null_1":0.00171170617715972,"epi_isl_423389_England_20200330_null_1":0.001711161292518685,"epi_isl_423898_England_20200318_null_1":0.001711161099096782,"epi_isl_423992_England_20200321_null_1":0.001710493688729779,"epi_isl_424018_England_20200312_null_8":0.001711705946294965,"epi_isl_424090_England_20200313_null_1":0.001711161303067625,"epi_isl_424171_Washington_20200319_null_1":0.005166871130232957,"epi_isl_424210_Washington_20200320_null_1":0.001711705890753458,"epi_isl_424325_Washington_20200324_null_3":0.001711705903236816,"epi_isl_424348_Mexico_City_20200313_null_1":0.001711705886628533,"epi_isl_424485_Reykjavik_20200320_null_5":0.001711705897458063,"epi_isl_424636_Li_ge_20200403_null_1":0.001711705900537991,"epi_isl_424875_Nebraska_20200307_null_3":0.00171170589739792,"epi_isl_425440_England_20200101_null_1":0.001710493669042408,"epi_isl_425707_Scotland_20200317_null_3":0.001711705884066675,"epi_isl_425962_Scotland_20200327_null_2":0.001711705885129305,"epi_isl_426025_New_York_20200303_null_1":0.001711705929895264,"epi_isl_426028_New_York_20200304_null_2":0.001711705884218007,"epi_isl_426119_Washington_20200323_null_5":0.001712254477635605,"epi_isl_426123_Washington_20200324_null_8841":0,"epi_isl_426161_Wisconsin_20200406_null_3":0.001711706219516988},"total sequences":8964,"aminoacid variant sites":[],"all variant sites":[],"any variation":62,"sites":198,"tree":"(epi_isl_426119_Washington_20200323_null_5,epi_isl_419657_Austria_20200303_null_1,epi_isl_406592_Guandong_20200113_null_1,epi_isl_421980_England_20200331_null_1,epi_isl_426028_New_York_20200304_null_2,epi_isl_418307_Derbyshire_20200324_null_1,epi_isl_412978_Hubei_20200117_null_1,epi_isl_422197_Wales_20200329_null_1,epi_isl_424348_Mexico_City_20200313_null_1,epi_isl_420031_Kinshasa_20200321_null_1,epi_isl_422958_Zuid_Holland_20200329_null_12,epi_isl_424090_England_20200313_null_1,epi_isl_424636_Li_ge_20200403_null_1,epi_isl_422717_Netherlands_20200322_null_5,epi_isl_418697_England_20200316_null_2,epi_isl_411929_South_Korea_20200101_null_1,epi_isl_417445_Lombardy_20200224_null_1,epi_isl_422600_Netherlands_20200401_null_2,epi_isl_418081_Washington_20200315_null_2,epi_isl_420640_England_20200323_null_2,epi_isl_420498_England_20200322_null_1,epi_isl_406799_Wuhan_20191231_null_1,epi_isl_426123_Washington_20200324_null_8841,epi_isl_425707_Scotland_20200317_null_3,epi_isl_420318_Arbre_20200307_null_1,epi_isl_419246_Hong_Kong_20200223_null_1,epi_isl_413880_Guangdong_20200205_null_7,epi_isl_424018_England_20200312_null_8,epi_isl_417919_Kuala_Lumpur_20200314_null_1,epi_isl_425440_England_20200101_null_1,epi_isl_423012_Washington_20200319_null_1,epi_isl_423898_England_20200318_null_1,epi_isl_424485_Reykjavik_20200320_null_5,epi_isl_422792_Netherlands_20200330_null_1,epi_isl_413870_Guangdong_20200228_null_1,epi_isl_422115_Wales_20200330_null_1,epi_isl_420388_Vilvoorde_20200324_null_1,epi_isl_424210_Washington_20200320_null_1,epi_isl_422656_Netherlands_20200318_null_2,epi_isl_421482_Portugal_20200318_null_1,epi_isl_415537_Wales_20200308_null_1,epi_isl_422526_New_York_20200322_null_2,epi_isl_417980_Madrid_20200303_null_1,epi_isl_421789_England_20200325_null_1,epi_isl_423992_England_20200321_null_1,epi_isl_418385_Finland_20200313_null_1,epi_isl_423085_England_20200325_null_1,epi_isl_423389_England_20200330_null_1,epi_isl_425962_Scotland_20200327_null_2,epi_isl_421731_New_York_20200318_null_1,epi_isl_419986_Victoria_20200323_null_1,epi_isl_421393_New_York_20200318_null_2,epi_isl_426025_New_York_20200303_null_1,epi_isl_420805_Utah_20200314_null_3,epi_isl_420320_Ukkel_20200309_null_1,epi_isl_417349_Washington_20200312_null_2,epi_isl_424325_Washington_20200324_null_3,epi_isl_421177_Madrid_20200327_null_1,epi_isl_422281_Wales_20200327_null_2,epi_isl_414008_England_20200227_null_1,epi_isl_424171_Washington_20200319_null_1,epi_isl_424875_Nebraska_20200307_null_3,epi_isl_420701_England_20200327_null_3,epi_isl_417554_Reykjavik_20200316_null_1,epi_isl_426161_Wisconsin_20200406_null_3)","MAF":0.2,"L":0,"p":0.1,