{"sequences":106,"bl":{"Node103":0.002782326898161022,"Node117":0.002766252099904457,"Node123":0.002765148813928807,"Node150":0.002767277519568221,"Node172":0.002766179313360073,"Node186":0.002767479203191666,"Node189":0.002765819334167134,"Node31":0.002768489728549574,"Node47":0.002765550742037967,"Node53":0.002767632702844202,"Node74":0.002358714818047376,"Node78":0.002768468628128739,"Node81":0.002766398296864188,"Node84":0.002766401557100501,"Node87":0.002766375186482774,"Node90":0.002767398248643225,"epi_isl_402120_Hubei_20200101_null_1":0.002767557702905824,"epi_isl_408482_Shandong_20200119_null_1":0.002785287974844492,"epi_isl_408487_Henan_20200120_null_1":0,"epi_isl_413221_Scotland_20200302_null_1":0.002767559386736687,"epi_isl_413852_Guangdong_20200130_null_1":0,"epi_isl_415610_Washington_20200308_null_1":0,"epi_isl_416320_Shanghai_20200128_null_1":0.002765381586613509,"epi_isl_416345_Shanghai_20200204_null_1":0.005551273565951489,"epi_isl_416367_Shanghai_20200201_null_1":0.002761935937572981,"epi_isl_416378_Shanghai_20200130_null_2":0.002765381495209322,"epi_isl_416384_Shanghai_20200204_null_1":0.002770117697827564,"epi_isl_416392_Shanghai_20200202_null_1":0.002775555813859432,"epi_isl_416425_Hangzhou_20200203_null_1":0.002785287035763297,"epi_isl_417245_England_20200302_null_1":0,"epi_isl_417253_England_20200303_null_1":0,"epi_isl_417697_Reykjavik_20200304_null_1":0.002767559063246346,"epi_isl_417787_Reykjavik_20200312_null_1":0.002766487029958023,"epi_isl_417969_Madrid_20200309_null_1":0.00276538211086619,"epi_isl_418096_Wales_20200312_null_2":0.002767551542430049,"epi_isl_418164_Wales_20200317_null_1":0.005575182968294365,"epi_isl_418228_Hauts_de_France_20200312_null_1":0,"epi_isl_418332_Ontario_20200311_null_2":0.002767015144180809,"epi_isl_418691_England_20200317_null_1":0,"epi_isl_418731_England_20200313_null_1":0,"epi_isl_419185_ARA_20200322_null_1":0.00276646968332433,"epi_isl_419572_Luxembourg_20200310_null_1":0,"epi_isl_419592_Luxembourg_20200315_null_1":0,"epi_isl_419693_Belarus_20200301_null_1":0.002765382314183223,"epi_isl_419708_Virginia_20200312_null_1":0.003138661809739484,"epi_isl_419735_Victoria_20200224_null_1":0,"epi_isl_419896_Victoria_20200319_null_1":0.002765382310949844,"epi_isl_419981_Victoria_20200322_null_1":0.002770117154094616,"epi_isl_420022_Virginia_20200322_null_1":0.002765680088715559,"epi_isl_420221_South_Yorkshire_20200329_null_1":0.002767559725256098,"epi_isl_420262_South_Yorkshire_20200324_null_4":0.002767559702475205,"epi_isl_420739_England_20200327_null_1":0,"epi_isl_421208_Li_ge_20200330_null_1":0.002768564154093165,"epi_isl_421275_Moscow_20200318_null_2":0.002767534822342891,"epi_isl_421342_Wisconsin_20200325_null_1":0.002765375674652026,"epi_isl_421498_Portugal_20200324_null_13":0.002768539031654187,"epi_isl_421731_New_York_20200318_null_1":0.002767563241770816,"epi_isl_421743_Luxembourg_20200317_null_2":0,"epi_isl_421860_England_20200327_null_1":0,"epi_isl_421884_England_20200327_null_1":0.002765834781044834,"epi_isl_421901_England_20200326_null_1":0,"epi_isl_421990_England_20200331_null_1":0.002765836222924534,"epi_isl_422087_Wales_20200328_null_1":0,"epi_isl_422349_Wales_20200324_null_2":0,"epi_isl_422435_Singapore_20200331_null_3":0.002775490396240919,"epi_isl_422465_Wisconsin_20200328_null_1":0,"epi_isl_422500_New_York_20200319_null_2":0.002765833329134223,"epi_isl_422668_Netherlands_20200317_null_1":0.002768983645301318,"epi_isl_422988_Washington_20200318_null_1":0.002760799418316095,"epi_isl_423008_Washington_20200318_null_3":0.002767493671870664,"epi_isl_423012_Washington_20200319_null_1":0.002767559633030395,"epi_isl_423055_England_20200319_null_1":0,"epi_isl_423187_England_20200329_null_1":0,"epi_isl_423270_England_20200326_null_1":0,"epi_isl_423312_England_20200325_null_2":0,"epi_isl_423333_England_20200327_null_2":0,"epi_isl_423412_England_20200329_null_1":0,"epi_isl_423492_England_20200331_null_1":0,"epi_isl_423495_England_20200330_null_3":0.002767557846936945,"epi_isl_423549_England_20200331_null_5":0.002765836216336025,"epi_isl_423562_England_20200401_null_1":0,"epi_isl_423575_England_20200331_null_1":0,"epi_isl_423634_England_20200321_null_1":0,"epi_isl_423661_England_20200322_null_1":0.002767558068932409,"epi_isl_423669_England_20200320_null_1":0,"epi_isl_423756_England_20200324_null_1":0.002764714653832429,"epi_isl_423783_England_20200324_null_2":0.002767558073610696,"epi_isl_423802_England_20200223_null_1":0,"epi_isl_423805_England_20200324_null_1":0,"epi_isl_423807_England_20200324_null_1":0,"epi_isl_423881_England_20200318_null_1":0,"epi_isl_423934_England_20200319_null_1":0,"epi_isl_423967_England_20200320_null_1":0,"epi_isl_424015_England_20200319_null_1":0.002767985552424284,"epi_isl_424026_England_20200319_null_1":0,"epi_isl_424075_England_20200311_null_6":0.002767558347017808,"epi_isl_424146_England_20200321_null_2":0.002767556840243027,"epi_isl_424157_England_20200320_null_5":0.002766224178403318,"epi_isl_424195_Washington_20200321_null_1":0.002765744573029396,"epi_isl_424206_Washington_20200320_null_3":0,"epi_isl_424220_Washington_20200321_null_11":0,"epi_isl_424314_Washington_20200324_null_1":0,"epi_isl_424361_India_20200310_null_6":0.002765837611830088,"epi_isl_424595_Reykjavik_20200328_null_1":0.002765834780653497,"epi_isl_424608_Reykjavik_20200329_null_8":0.002768983432485304,"epi_isl_424652_Li_ge_20200405_null_2":0,"epi_isl_424663_Li_ge_20200405_null_17":0,"epi_isl_424669_Arizona_20200316_null_1":0.003605704434814094,"epi_isl_424672_Puebla_20200311_null_4":0,"epi_isl_424703_Vasterbotten_20200315_null_1":0.002765783701590122,"epi_isl_424854_Florida_20200305_null_2":0,"epi_isl_424862_Georgia_20200301_null_1":0.002774961432292826,"epi_isl_425192_Comunitat_Valenciana_20200317_null_2":0,"epi_isl_425261_England_20200101_null_2":0.0027658362307105,"epi_isl_425608_England_20200325_null_1":0.002786871569842697,"epi_isl_425635_England_20200330_null_34":0,"epi_isl_425675_Scotland_20200316_null_5":0,"epi_isl_425735_Scotland_20200319_null_32":0.0004082942180135607,"epi_isl_425801_Scotland_20200309_null_1":0,"epi_isl_425878_Scotland_20200321_null_5":0.00276755806949425,"epi_isl_425927_Scotland_20200324_null_5":0.002767557712170152,"epi_isl_426133_Washington_20200323_null_8103":0},"total sequences":8376,"aminoacid variant sites":[{"H":104,"Y":2},{"L":104,"F":2}],"all variant sites":[{"TCA":102,"TYA":1,"TCG":2,"TTA":1},{"CAT":104,"TAT":2},{"GGC":103,"GGT":2,"TGC":1},{"TCA":103,"TYA":2,"TTA":1},{"GAA":102,"GAT":1,"GAG":3},{"CTT":104,"TTT":2}],"any variation":75,"sites":121,