{"sequences":47,"bl":{"Node11":0.002412171787132249,"Node26":0.002412610365753713,"Node79":0.002414099936166779,"epi_isl_411951_Sweden_20200207_null_1":0.004842813522869192,"epi_isl_414934_Shandong_20200121_null_1":0.002418752312961854,"epi_isl_415477_Netherlands_20200312_null_2":0.002413379200720903,"epi_isl_415486_Netherlands_20200313_null_1":0.002412303741516437,"epi_isl_415593_Washington_20200310_null_1":0.004842747750015569,"epi_isl_415618_Washington_20200309_null_1":0,"epi_isl_415652_Bourgogne_France_Comt_20200305_null_1":0.002413296197358941,"epi_isl_415699_Switzerland_20200227_null_2":0.002413378875147595,"epi_isl_416345_Shanghai_20200204_null_1":0.002413805828722118,"epi_isl_416355_Shanghai_20200204_null_2":0.002412303743685633,"epi_isl_416469_Kessel_Lo_20200303_null_2":0.002435692622696539,"epi_isl_416697_Connecticut_20200313_null_8441":0,"epi_isl_417361_Washington_20200314_null_1":0,"epi_isl_417563_Reykjavik_20200316_null_1":0.002423745973154356,"epi_isl_417919_Kuala_Lumpur_20200314_null_1":0.004835218572188931,"epi_isl_418957_Virginia_20200317_null_1":0.002413296202996932,"epi_isl_419245_Hong_Kong_20200222_null_2":0.002412334033209827,"epi_isl_419249_Hong_Kong_20200225_null_1":0.002411995260763,"epi_isl_419496_Wales_20200320_null_2":0.002412376264692828,"epi_isl_419768_Victoria_20200312_null_1":0.002413296207581679,"epi_isl_419917_Victoria_20200320_null_2":0.002411934318728722,"epi_isl_420052_Ile_de_France_20200320_null_1":0.002412376260361416,"epi_isl_420197_South_Yorkshire_20200328_null_1":0.002413845040325767,"epi_isl_420198_South_Yorkshire_20200328_null_1":0.002413295950279326,"epi_isl_420335_Bierset_20200306_null_1":0.002414262704463505,"epi_isl_420364_Anderlecht_20200319_null_1":0.002418149217765316,"epi_isl_420412_Koersel_20200324_null_1":0.004858038404698473,"epi_isl_420431_Saint_Saulve_20200324_null_3":0,"epi_isl_420450_Sint_Agatha_Berchem_20200307_null_2":0,"epi_isl_420482_England_20200318_null_1":0.002413212204125089,"epi_isl_421238_Jiangxi_20200129_null_1":0.0024144789330825,"epi_isl_421393_New_York_20200318_null_1":0.0024131104465699,"epi_isl_421585_New_Jersey_20200318_null_1":0.002413690567232665,"epi_isl_421692_Minnesota_20200317_null_1":0.002411735290688375,"epi_isl_421722_New_York_20200318_null_1":0.002414735499622688,"epi_isl_422746_Netherlands_20200325_null_1":0.002412812968431005,"epi_isl_423274_England_20200320_null_1":0.002411618143034642,"epi_isl_423832_England_20200323_null_8":0.002413029134250952,"epi_isl_424870_Missouri_20200306_null_1":0.002413296606706793,"epi_isl_424936_New_York_20200401_null_1":0.002418319135347871,"epi_isl_425278_England_20200331_null_4":0.002412870800974333,"epi_isl_425693_Scotland_20200316_null_2":0.002411818358170535,"epi_isl_425714_Scotland_20200318_null_3":0.002411869845528628,"epi_isl_425743_Scotland_20200318_null_5":0.002415659994012142,"epi_isl_426017_Scotland_20200331_null_1":0.002414197694289833,"epi_isl_426068_Idaho_20200327_null_1":0.002414197181036304,"epi_isl_426088_Washington_20200325_null_1":0.004832439245778575},"total sequences":8514,"aminoacid variant sites":[{"W":45,"C":2}],"all variant sites":[{"TGG":45,"TGT":2},{"TGT":43,"TGG":1,"TGC":3}],"any variation":41,"sites":139,"tree":"(epi_isl_415486_Netherlands_20200313_null_1,epi_isl_420052_Ile_de_France_20200320_null_1,epi_isl_421722_New_York_20200318_null_1,(epi_isl_415618_Washington_20200309_null_1,epi_isl_426088_Washington_20200325_null_1)Node26,epi_isl_421585_New_Jersey_20200318_null_1,epi_isl_419917_Victoria_20200320_null_2,epi_isl_421692_Minnesota_20200317_null_1,epi_isl_416355_Shanghai_20200204_null_2,epi_isl_425743_Scotland_20200318_null_5,epi_isl_426017_Scotland_20200331_null_1,epi_isl_419496_Wales_20200320_null_2,epi_isl_414934_Shandong_20200121_null_1,epi_isl_417919_Kuala_Lumpur_20200314_null_1,epi_isl_416697_Connecticut_20200313_null_8441,epi_isl_423832_England_20200323_null_8,epi_isl_420412_Koersel_20200324_null_1,epi_isl_423274_England_20200320_null_1,epi_isl_415477_Netherlands_20200312_null_2,epi_isl_422746_Netherlands_20200325_null_1,epi_isl_425278_England_20200331_null_4,epi_isl_415593_Washington_20200310_null_1,epi_isl_424870_Missouri_20200306_null_1,epi_isl_415699_Switzerland_20200227_null_2,epi_isl_419249_Hong_Kong_20200225_null_1,epi_isl_420482_England_20200318_null_1,epi_isl_419768_Victoria_20200312_null_1,epi_isl_420364_Anderlecht_20200319_null_1,epi_isl_421393_New_York_20200318_null_1,epi_isl_418957_Virginia_20200317_null_1,(epi_isl_411951_Sweden_20200207_null_1,epi_isl_417361_Washington_20200314_null_1)Node79,epi_isl_415652_Bourgogne_France_Comt_20200305_null_1,epi_isl_425693_Scotland_20200316_null_2,epi_isl_425714_Scotland_20200318_null_3,epi_isl_426068_Idaho_20200327_null_1,epi_isl_416345_Shanghai_20200204_null_1,epi_isl_417563_Reykjavik_20200316_null_1,epi_isl_421238_Jiangxi_20200129_null_1,epi_isl_420198_South_Yorkshire_20200328_null_1,epi_isl_420197_South_Yorkshire_20200328_null_1,epi_isl_424936_New_York_20200401_null_1,epi_isl_419245_Hong_Kong_20200222_null_2,(epi_isl_420450_Sint_Agatha_Berchem_20200307_null_2,epi_isl_420335_Bierset_20200306_null_1,epi_isl_420431_Saint_Saulve_20200324_null_3)Node11,epi_isl_416469_Kessel_Lo_20200303_null_2)","MAF":0.2,"L":0.007238882089052741,"p":0.1,"branch_names":["Node11","Node26","Node50","Node79","epi_isl_411951_Sweden_20200207_null_1","epi_isl_414934_Shandong_20200121_null_1","epi_isl_415477_Netherlands_20200312_null_2","epi_isl_415486_Netherlands_20200313_null_1","epi_isl_415593_Washington_20200310_null_1","epi_isl_415618_Washington_20200309_null_1","epi_isl_415652_Bourgogne_France_Comt_20200305_null_1","epi_isl_415699_Switzerland_20200227_null_2","epi_isl_416345_Shanghai_20200204_null_1","epi_isl_416355_Shanghai_20200204_null_2","epi_isl_416469_Kessel_Lo_20200303_null_2","epi_isl_416697_Connecticut_20200313_null_8441","epi_isl_417361_Washington_20200314_null_1","epi_isl_417563_Reykjavik_20200316_null_1","epi_isl_417919_Kuala_Lumpur_20200314_null_1","epi_isl_418957_Virginia_20200317_null_1","epi_isl_419245_Hong_Kong_20200222_null_2","epi_isl_419249_Hong_Kong_20200225_null_1","epi_isl_419496_Wales_20200320_null_2","epi_isl_419768_Victoria_20200312_null_1","epi_isl_419917_Victoria_20200320_null_2","epi_isl_420052_Ile_de_France_20200320_null_1","epi_isl_420197_South_Yorkshire_20200328_null_1","epi_isl_420198_South_Yorkshire_20200328_null_1","epi_isl_420335_Bierset_20200306_null_1","epi_isl_420364_Anderlecht_20200319_null_1","epi_isl_420412_Koersel_20200324_null_1","epi_isl_420431_Saint_Saulve_20200324_null_3","epi_isl_420450_Sint_Agatha_Berchem_20200307_null_2","epi_isl_420482_England_20200318_null_1","epi_isl_421238_Jiangxi_20200129_null_1","epi_isl_421393_New_York_20200318_null_1","epi_isl_421585_New_Jersey_20200318_null_1","epi_isl_421692_Minnesota_20200317_null_1","epi_isl_421722_New_York_20200318_null_1","epi_isl_422746_Netherlands_20200325_null_1","epi_isl_423274_England_20200320_null_1","epi_isl_423832_England_20200323_null_8","epi_isl_424870_Missouri_20200306_null_1","epi_isl_424936_New_York_20200401_null_1","epi_isl_425278_England_20200331_null_4","epi_isl_425693_Scotland_20200316_null_2","epi_isl_425714_Scotland_20200318_null_3","epi_isl_425743_Scotland_20200318_null_5","epi_isl_426017_Scotland_20200331_null_1","epi_isl_426068_Idaho_20200327_null_1","epi_isl_426088_Washington_20200325_null_1"],"selection":{},"map":[0,1,2,3,4,5,6,7,8,9,10,11,12,13,14,15,16,17,18,19,20,21,22,23,24,25,26,27,28,29,30,31,32,33,34,35,36,37,38,39,40,41,42,43,44,45,46,47,48,49,50,51,52,53,54,55,56,57,58,59,60,61,62,63,64,65,66,67,68,69,70,71,72,73,74,75,76,77,78,79,80,81,82,83,84,85,86,87,88,89,90,91,92,93,94,95,96,97,98,99,100,101,102,103,104,105,106,107,108,109,110,111,112,113,114,115,116,117,118,119,120,121,122,123,124,125,126,127,128,129,130,131,132,133,134,135,136,137,138],"dN/dS":{"internal":[[0.2211672515499274,1]],"leaves":[[0.7131722024569869,1]]}}