{"sequences":41,"bl":{"Node45":0.0006443957087813255,"epi_isl_413221_Scotland_20200302_null_1":0.002929609621485538,"epi_isl_413890_Guangdong_20200228_null_1":0.002927576879213665,"epi_isl_415621_Washington_20200309_null_1":0.002929627101233179,"epi_isl_415654_Hauts_de_France_20200309_null_1":0.002927557255120464,"epi_isl_415710_Saint_Petersburg_20200315_null_1":0.002940428719543966,"epi_isl_416502_Bretagne_20200226_null_1":0.002927363318432078,"epi_isl_416566_unknown_20200215_null_1":0.002927537587136021,"epi_isl_417176_Hong_Kong_20200121_null_1":0.002924078264505877,"epi_isl_418396_Finland_20200313_null_1":0.002929558096552986,"epi_isl_419253_Hong_Kong_20200226_null_1":0.002929609618484299,"epi_isl_419885_Victoria_20200319_null_1":0.002929609621568668,"epi_isl_419953_Victoria_20200321_null_2":0.002929662561607853,"epi_isl_420239_South_Yorkshire_20200323_null_1":0.002924583739963514,"epi_isl_420352_Sint_Gillis_Waas_20200307_null_2":0.002924078309402989,"epi_isl_420589_New_York_20200318_null_1":0.002929446640021585,"epi_isl_420664_England_20200326_null_1":0.00292462624779528,"epi_isl_420901_Munich_20200312_null_5":0.002930984543865851,"epi_isl_421251_Jiangxi_20200203_null_5":0.002931004122983886,"epi_isl_421510_Hauts_de_France_20200323_null_3":0.002924133652883229,"epi_isl_421572_KZN_20200323_null_1":0.008915360804803455,"epi_isl_421651_Taipei_20200322_null_1":0.002929662559202373,"epi_isl_421654_Latvia_20200325_null_3":0.002936960012953552,"epi_isl_422125_Wales_20200328_null_1":0.002931023757824548,"epi_isl_422302_Wales_20200327_null_1":0.002929486802624127,"epi_isl_422349_Wales_20200324_null_2":0.002924647396982506,"epi_isl_422635_Zuid_Holland_20200331_null_1":0.002930965010098349,"epi_isl_422774_Netherlands_20200327_null_5":0.00293100411127469,"epi_isl_422905_Zuid_Holland_20200313_null_3":0.002927595586874695,"epi_isl_422964_Washington_20200316_null_1":0.002927335144549157,"epi_isl_423091_England_20200324_null_1":0.002745674639707471,"epi_isl_423819_England_20200323_null_2":0.002935592202766631,"epi_isl_423971_England_20200320_null_3":0.002930965014599156,"epi_isl_424265_USA_20200322_null_1":0.002929662556013676,"epi_isl_424332_Washington_20200322_null_3":0.002929983063344143,"epi_isl_424563_Reykjavik_20200327_null_9":0.002929662547959174,"epi_isl_425249_England_20200331_null_6":0.002929662561682615,"epi_isl_425694_Scotland_20200317_null_45":0.00292413365292947,"epi_isl_425737_Scotland_20200318_null_3":0.002454089328718322,"epi_isl_425816_Scotland_20200314_null_5":0.002929662561619395,"epi_isl_425943_Scotland_20200326_null_1":0.002930945545999999,"epi_isl_426183_South_Korea_20200223_null_8872":0},"total sequences":9001,"aminoacid variant sites":[],"all variant sites":[],"any variation":36,"sites":113,"tree":"(epi_isl_425816_Scotland_20200314_null_5,epi_isl_419885_Victoria_20200319_null_1,epi_isl_420589_New_York_20200318_null_1,epi_isl_421251_Jiangxi_20200203_null_5,epi_isl_419953_Victoria_20200321_null_2,epi_isl_416502_Bretagne_20200226_null_1,epi_isl_420664_England_20200326_null_1,epi_isl_420901_Munich_20200312_null_5,epi_isl_421510_Hauts_de_France_20200323_null_3,(epi_isl_423091_England_20200324_null_1,epi_isl_425737_Scotland_20200318_null_3)Node45,epi_isl_420352_Sint_Gillis_Waas_20200307_null_2,epi_isl_413890_Guangdong_20200228_null_1,epi_isl_418396_Finland_20200313_null_1,epi_isl_426183_South_Korea_20200223_null_8872,epi_isl_421572_KZN_20200323_null_1,epi_isl_424332_Washington_20200322_null_3,epi_isl_424265_USA_20200322_null_1,epi_isl_416566_unknown_20200215_null_1,epi_isl_422964_Washington_20200316_null_1,epi_isl_423819_England_20200323_null_2,epi_isl_425249_England_20200331_null_6,epi_isl_415654_Hauts_de_France_20200309_null_1,epi_isl_422302_Wales_20200327_null_1,epi_isl_422635_Zuid_Holland_20200331_null_1,epi_isl_422905_Zuid_Holland_20200313_null_3,epi_isl_419253_Hong_Kong_20200226_null_1,epi_isl_415710_Saint_Petersburg_20200315_null_1,epi_isl_422125_Wales_20200328_null_1,epi_isl_421651_Taipei_20200322_null_1,epi_isl_413221_Scotland_20200302_null_1,epi_isl_420239_South_Yorkshire_20200323_null_1,epi_isl_422774_Netherlands_20200327_null_5,epi_isl_424563_Reykjavik_20200327_null_9,epi_isl_417176_Hong_Kong_20200121_null_1,epi_isl_422349_Wales_20200324_null_2,epi_isl_425943_Scotland_20200326_null_1,epi_isl_425694_Scotland_20200317_null_45,epi_isl_415621_Washington_20200309_null_1,epi_isl_421654_Latvia_20200325_null_3,epi_isl_423971_England_20200320_null_3)","MAF":0.2,"L":0.0006443957087813255,"p":0.1,"branch_names":["Node42","Node45","epi_isl_413221_Scotland_20200302_null_1","epi_isl_413890_Guangdong_20200228_null_1","epi_isl_415621_Washington_20200309_null_1","epi_isl_415654_Hauts_de_France_20200309_null_1","epi_isl_415710_Saint_Petersburg_20200315_null_1","epi_isl_416502_Bretagne_20200226_null_1","epi_isl_416566_unknown_20200215_null_1","epi_isl_417176_Hong_Kong_20200121_null_1","epi_isl_418396_Finland_20200313_null_1","epi_isl_419253_Hong_Kong_20200226_null_1","epi_isl_419885_Victoria_20200319_null_1","epi_isl_419953_Victoria_20200321_null_2","epi_isl_420239_South_Yorkshire_20200323_null_1","epi_isl_420352_Sint_Gillis_Waas_20200307_null_2","epi_isl_420589_New_York_20200318_null_1","epi_isl_420664_England_20200326_null_1","epi_isl_420901_Munich_20200312_null_5","epi_isl_421251_Jiangxi_20200203_null_5","epi_isl_421510_Hauts_de_France_20200323_null_3","epi_isl_421572_KZN_20200323_null_1","epi_isl_421651_Taipei_20200322_null_1","epi_isl_421654_Latvia_20200325_null_3","epi_isl_422125_Wales_20200328_null_1","epi_isl_422302_Wales_20200327_null_1","epi_isl_422349_Wales_20200324_null_2","epi_isl_422635_Zuid_Holland_20200331_null_1","epi_isl_422774_Netherlands_20200327_null_5","epi_isl_422905_Zuid_Holland_20200313_null_3","epi_isl_422964_Washington_20200316_null_1","epi_isl_423091_England_20200324_null_1","epi_isl_423819_England_20200323_null_2","epi_isl_423971_England_20200320_null_3","epi_isl_424265_USA_20200322_null_1","epi_isl_424332_Washington_20200322_null_3","epi_isl_424563_Reykjavik_20200327_null_9","epi_isl_425249_England_20200331_null_6","epi_isl_425694_Scotland_20200317_null_45","epi_isl_425737_Scotland_20200318_null_3","epi_isl_425816_Scotland_20200314_null_5","epi_isl_425943_Scotland_20200326_null_1","epi_isl_426183_South_Korea_20200223_null_8872"],"selection":{},"map":[0,1,2,3,4,5,6,7,8,9,10,11,12,13,14,15,16,17,18,19,20,21,22,23,24,25,26,27,28,29,30,31,32,33,34,35,36,37,38,39,40,41,42,43,44,45,46,47,48,49,50,51,52,53,54,55,56,57,58,59,60,61,62,63,64,65,66,67,68,69,70,71,72,73,74,75,76,77,78,79,80,81,82,83,84,85,86,87,88,89,90,91,92,93,94,95,96,97,98,99,100,101,102,103,104,105,106,107,108,109,110,111,112],"dN/dS":{"internal":[[0,1]],"leaves":[[0.4413413523036974,1]]}}