{
 "L": 0.004339366336290743,
 "all variant sites": [],
 "aminoacid variant sites": [],
 "any variation": 32,
 "dN/dS": {
  "internal": [
   [
    0,
    1
   ]
  ],
  "leaves": [
   [
    1.155167111172091,
    1
   ]
  ]
 },
 "map": [
  0,
  1,
  2,
  3,
  4,
  5,
  6,
  7,
  8,
  9,
  10,
  11,
  12,
  13,
  14,
  15,
  16,
  17,
  18,
  19,
  20,
  21,
  22,
  23,
  24,
  25,
  26,
  27,
  28,
  29,
  30,
  31,
  32,
  33,
  34,
  35,
  36,
  37,
  38,
  39,
  40,
  41,
  42,
  43,
  44,
  45,
  46,
  47,
  48,
  49,
  50,
  51,
  52,
  53,
  54,
  55,
  56,
  57,
  58,
  59,
  60,
  61,
  62,
  63,
  64,
  65,
  66,
  67,
  68,
  69,
  70,
  71,
  72,
  73,
  74,
  75,
  76,
  77,
  78,
  79,
  80,
  81,
  82,
  83,
  84,
  85,
  86,
  87,
  88,
  89,
  90,
  91,
  92,
  93,
  94,
  95,
  96,
  97,
  98,
  99,
  100,
  101,
  102,
  103,
  104,
  105,
  106,
  107,
  108,
  109,
  110,
  111,
  112,
  113,
  114,
  115,
  116,
  117,
  118,
  119,
  120
 ],
 "p": 0.1,
 "selection": {
  "99": {
   "composition": {
    "-": 2,
    "F": 3,
    "I": 63
   },
   "fel": 0.09996434339993754,
   "kind": "positive",
   "labels": {
    "Node1": [
     "I",
     "ATT",
     0,
     0
    ],
    "Node11": [
     "I",
     "ATT",
     0,
     0
    ],
    "Node14": [
     "I",
     "ATT",
     0,
     0
    ],
    "Node15": [
     "I",
     "ATT",
     0,
     0
    ],
    "Node16": [
     "I",
     "ATT",
     0,
     0
    ],
    "Node18": [
     "F",
     "TTT",
     1,
     0
    ],
    "Node19": [
     "F",
     "TTT",
     0,
     0
    ],
    "Node23": [
     "I",
     "ATT",
     0,
     0
    ],
    "Node26": [
     "I",
     "ATT",
     0,
     0
    ],
    "Node27": [
     "I",
     "ATT",
     0,
     0
    ],
    "Node28": [
     "I",
     "ATT",
     0,
     0
    ],
    "Node29": [
     "I",
     "ATT",
     0,
     0
    ],
    "Node31": [
     "I",
     "ATT",
     0,
     0
    ],
    "Node34": [
     "I",
     "ATT",
     0,
     0
    ],
    "Node35": [
     "I",
     "ATT",
     0,
     0
    ],
    "Node36": [
     "I",
     "ATT",
     0,
     0
    ],
    "Node37": [
     "I",
     "ATT",
     0,
     0
    ],
    "Node40": [
     "I",
     "ATT",
     0,
     0
    ],
    "Node43": [
     "I",
     "ATT",
     0,
     0
    ],
    "Node44": [
     "I",
     "ATT",
     0,
     0
    ],
    "Node48": [
     "I",
     "ATT",
     0,
     0
    ],
    "Node49": [
     "I",
     "ATT",
     0,
     0
    ],
    "Node5": [
     "I",
     "ATT",
     0,
     0
    ],
    "Node50": [
     "I",
     "ATT",
     0,
     0
    ],
    "Node53": [
     "I",
     "ATT",
     0,
     0
    ],
    "Node59": [
     "I",
     "ATT",
     0,
     0
    ],
    "Node5_1": [
     "I",
     "ATT",
     0,
     0
    ],
    "Node6": [
     "I",
     "ATT",
     0,
     0
    ],
    "Node60": [
     "I",
     "ATT",
     0,
     0
    ],
    "Node63": [
     "I",
     "ATT",
     0,
     0
    ],
    "Node64": [
     "I",
     "ATT",
     0,
     0
    ],
    "Node7": [
     "I",
     "ATT",
     0,
     0
    ],
    "Node8": [
     "I",
     "ATT",
     0,
     0
    ],
    "epi_isl_403928_Hubei_20200101_null_1": [
     "I",
     "ATT",
     0,
     0
    ],
    "epi_isl_403929_Hubei_20191230_null_2655": [
     "I",
     "ATT",
     0,
     0
    ],
    "epi_isl_408489_Taipei_20200131_Sanger_1": [
     "I",
     "ATT",
     0,
     0
    ],
    "epi_isl_408669_Kyoto_20200129_NextSeq500_1": [
     "I",
     "ATT",
     0,
     0
    ],
    "epi_isl_413221_Scotland_20200302_Nanopore_2": [
     "I",
     "ATT",
     0,
     0
    ],
    "epi_isl_413520_Beijing_20200128_MGISEQ2000_1": [
     "I",
     "ATT",
     0,
     0
    ],
    "epi_isl_413864_Guangdong_20200209_metagenomics_BGI_1": [
     "I",
     "ATT",
     0,
     0
    ],
    "epi_isl_413876_Guangdong_20200210_multiplex_pcr_nanopore_1": [
     "-",
     "---",
     0,
     0
    ],
    "epi_isl_416327_Shanghai_20200128_Illumina_1": [
     "I",
     "ATT",
     0,
     0
    ],
    "epi_isl_416355_Shanghai_20200204_Illumina_1": [
     "F",
     "TTT",
     0,
     0
    ],
    "epi_isl_416377_Shanghai_20200207_Illumina_1": [
     "I",
     "ATT",
     0,
     0
    ],
    "epi_isl_416397_Shanghai_20200202_Illumina_1": [
     "I",
     "ATT",
     0,
     0
    ],
    "epi_isl_416406_Shanghai_20200215_Illumina_1": [
     "I",
     "ATT",
     0,
     0
    ],
    "epi_isl_416433_Washington_20200310_Illumina_1": [
     "I",
     "ATT",
     0,
     0
    ],
    "epi_isl_416447_Washington_20200310_Illumina_1": [
     "I",
     "ATT",
     0,
     0
    ],
    "epi_isl_416566_unknown_20200215_Illumina_5": [
     "I",
     "ATT",
     0,
     0
    ],
    "epi_isl_416701_Washington_20200313_Illumina_6": [
     "I",
     "ATT",
     0,
     0
    ],
    "epi_isl_417175_Washington_20200302_Illumina_2": [
     "I",
     "ATT",
     0,
     0
    ],
    "epi_isl_417380_Washington_20200314_Illumina_2": [
     "I",
     "ATT",
     0,
     0
    ],
    "epi_isl_417559_Reykjavik_20200317_Illumina_1": [
     "I",
     "ATT",
     0,
     0
    ],
    "epi_isl_417579_Reykjavik_20200317_Illumina_4": [
     "I",
     "ATT",
     0,
     0
    ],
    "epi_isl_417601_Reykjavik_20200317_Illumina_1": [
     "I",
     "ATT",
     0,
     0
    ],
    "epi_isl_417721_Reykjavik_20200303_Illumina_1": [
     "I",
     "ATT",
     0,
     0
    ],
    "epi_isl_417728_Reykjavik_20200308_Illumina_2": [
     "I",
     "ATT",
     0,
     0
    ],
    "epi_isl_417807_Reykjavik_20200302_Illumina_1": [
     "I",
     "ATT",
     0,
     0
    ],
    "epi_isl_417869_Reykjavik_20200310_Illumina_2": [
     "I",
     "ATT",
     0,
     0
    ],
    "epi_isl_417918_Kuala_Lumpur_20200318_Illumina_1": [
     "I",
     "ATT",
     0,
     0
    ],
    "epi_isl_417980_Madrid_20200303_Ion_1": [
     "I",
     "ATT",
     0,
     0
    ],
    "epi_isl_418031_Washington_20200316_Illumina_1": [
     "I",
     "ATT",
     0,
     0
    ],
    "epi_isl_418123_Wales_20200314_Illumina_6": [
     "I",
     "ATT",
     0,
     0
    ],
    "epi_isl_418187_Wisconsin_2020_03_Ion_1": [
     "I",
     "ATT",
     0,
     0
    ],
    "epi_isl_418234_Ile_de_France_20200314_Illumina_1": [
     "I",
     "ATT",
     0,
     0
    ],
    "epi_isl_418272_Basel_Stadt_20200227_Nanopore_4": [
     "-",
     "---",
     0,
     0
    ],
    "epi_isl_418666_Li_ge_20200322_Nanopore_2": [
     "I",
     "ATT",
     0,
     0
    ],
    "epi_isl_418718_England_20200318_Illumina_1": [
     "I",
     "ATT",
     0,
     0
    ]
   },
   "meme": 0.1246463673742091,
   "meme-branches": 1,
   "meme-fraction": 0.99999999,
   "prime": [],
   "substitutions": [
    0,
    1
   ],
   "timing": {
    "-": {
     "20200210": 1,
     "20200227": 2,
     "20200304": 1,
     "20200318": 1
    },
    "F": {
     "20200204": 1
    },
    "I": {
     "20191226": 1,
     "20191230": 3,
     "20191231": 1,
     "20200101": 2,
     "20200102": 2,
     "20200105": 1,
     "20200108": 2,
     "20200110": 1,
     "20200111": 1,
     "20200113": 4,
     "20200114": 1,
     "20200115": 4,
     "20200116": 3,
     "20200117": 4,
     "20200118": 5,
     "20200119": 4,
     "20200120": 3,
     "20200121": 13,
     "20200122": 15,
     "20200123": 15,
     "20200124": 11,
     "20200125": 23,
     "20200126": 4,
     "20200127": 4,
     "20200128": 14,
     "20200129": 17,
     "20200130": 25,
     "20200131": 11,
     "20200201": 24,
     "20200202": 20,
     "20200203": 5,
     "20200204": 8,
     "20200205": 17,
     "20200206": 10,
     "20200207": 10,
     "20200208": 12,
     "20200209": 15,
     "20200210": 8,
     "20200211": 2,
     "20200212": 2,
     "20200213": 1,
     "20200214": 1,
     "20200215": 16,
     "20200216": 2,
     "20200217": 37,
     "20200218": 7,
     "20200219": 2,
     "20200220": 13,
     "20200221": 7,
     "20200222": 2,
     "20200223": 2,
     "20200224": 10,
     "20200225": 17,
     "20200226": 16,
     "20200227": 39,
     "20200228": 51,