{
 "L": 0.007136496869439771,
 "all variant sites": [
  {
   "GCC": 2,
   "GCT": 34
  },
  {
   "TAC": 34,
   "TAT": 2
  },
  {
   "GGA": 34,
   "GGT": 2
  },
  {
   "CAC": 2,
   "GAC": 34
  }
 ],
 "aminoacid variant sites": [
  {
   "D": 34,
   "H": 2
  }
 ],
 "any variation": 38,
 "dN/dS": {
  "internal": [
   [
    0.2971307263656254,
    1
   ]
  ],
  "leaves": [
   [
    0.3816719077577965,
    1
   ]
  ]
 },
 "map": [
  0,
  1,
  2,
  3,
  4,
  5,
  6,
  7,
  8,
  9,
  10,
  11,
  12,
  13,
  14,
  15,
  16,
  17,
  18,
  19,
  20,
  21,
  22,
  23,
  24,
  25,
  26,
  27,
  28,
  29,
  30,
  31,
  32,
  33,
  34,
  35,
  36,
  37,
  38,
  39,
  40,
  41,
  42,
  43,
  44,
  45,
  46,
  47,
  48,
  49,
  50,
  51,
  52,
  53,
  54,
  55,
  56,
  57,
  58,
  59,
  60,
  61,
  62,
  63,
  64,
  65,
  66,
  67,
  68,
  69,
  70,
  71,
  72,
  73,
  74,
  75,
  76,
  77,
  78,
  79,
  80,
  81,
  82,
  83,
  84,
  85,
  86,
  87,
  88,
  89,
  90,
  91,
  92,
  93,
  94,
  95,
  96,
  97,
  98,
  99,
  100,
  101,
  102,
  103,
  104,
  105,
  106,
  107,
  108,
  109,
  110,
  111,
  112,
  113,
  114,
  115,
  116,
  117,
  118,
  119,
  120,
  121,
  122,
  123,
  124,
  125,
  126,
  127,
  128,
  129,
  130,
  131,
  132,
  133,
  134,
  135,
  136,
  137,
  138,
  139,
  140,
  141,
  142,
  143,
  144,
  145,
  146,
  147,
  148,
  149,
  150,
  151,
  152,
  153,
  154,
  155,
  156,
  157,
  158,
  159,
  160,
  161,
  162,
  163,
  164,
  165,
  166,
  167,
  168,
  169,
  170,
  171,
  172,
  173,
  174,
  175,
  176,
  177,
  178,
  179,
  180,
  181,
  182,
  183,
  184,
  185,
  186,
  187,
  188,
  189,
  190,
  191,
  192,
  193,
  194,
  195,
  196,
  197,
  198,
  199,
  200,
  201,
  202,
  203,
  204,
  205,
  206,
  207,
  208,
  209,
  210,
  211,
  212,
  213,
  214,
  215,
  216,
  217,
  218,
  219,
  220,
  221
 ],
 "p": 0.1,
 "selection": {
  "77": {
   "composition": {
    "-": 1,
    "A": 2,
    "G": 67
   },
   "fel": 0.05715312373025538,
   "kind": "positive",
   "labels": {
    "Node12": [
     "G",
     "GGT",
     0,
     0
    ],
    "Node13": [
     "G",
     "GGT",
     0,
     0
    ],
    "Node14": [
     "G",
     "GGT",
     0,
     0
    ],
    "Node15": [
     "G",
     "GGT",
     0,
     0
    ],
    "Node16": [
     "G",
     "GGT",
     0,
     0
    ],
    "Node17": [
     "G",
     "GGT",
     0,
     0
    ],
    "Node18": [
     "G",
     "GGT",
     0,
     0
    ],
    "Node19": [
     "G",
     "GGT",
     0,
     0
    ],
    "Node2": [
     "G",
     "GGT",
     0,
     0
    ],
    "Node20": [
     "G",
     "GGT",
     0,
     0
    ],
    "Node23": [
     "G",
     "GGT",
     0,
     0
    ],
    "Node26": [
     "G",
     "GGT",
     0,
     0
    ],
    "Node27": [
     "G",
     "GGT",
     0,
     0
    ],
    "Node28": [
     "G",
     "GGT",
     0,
     0
    ],
    "Node29": [
     "G",
     "GGT",
     0,
     0
    ],
    "Node3": [
     "G",
     "GGT",
     0,
     0
    ],
    "Node30": [
     "G",
     "GGT",
     0,
     0
    ],
    "Node34": [
     "G",
     "GGT",
     0,
     0
    ],
    "Node37": [
     "G",
     "GGT",
     0,
     0
    ],
    "Node38": [
     "G",
     "GGT",
     0,
     0
    ],
    "Node39": [
     "G",
     "GGT",
     0,
     0
    ],
    "Node42": [
     "G",
     "GGT",
     0,
     0
    ],
    "Node43": [
     "G",
     "GGT",
     0,
     0
    ],
    "Node44": [
     "G",
     "GGT",
     0,
     0
    ],
    "Node45": [
     "G",
     "GGT",
     0,
     0
    ],
    "Node48": [
     "G",
     "GGT",
     0,
     0
    ],
    "Node5": [
     "G",
     "GGT",
     0,
     0
    ],
    "Node51": [
     "G",
     "GGT",
     0,
     0
    ],
    "Node54": [
     "G",
     "GGT",
     0,
     0
    ],
    "Node56": [
     "A",
     "GCT",
     1,
     0
    ],
    "Node62": [
     "G",
     "GGT",
     0,
     0
    ],
    "Node69": [
     "G",
     "GGT",
     0,
     0
    ],
    "Node8": [
     "G",
     "GGT",
     0,
     0
    ],
    "Node9": [
     "G",
     "GGT",
     0,
     0
    ],
    "epi_isl_403928_Hubei_20200101_null_2451": [
     "G",
     "GGT",
     0,
     0
    ],
    "epi_isl_406535_Guangdong_20200122_null_19": [
     "G",
     "GGT",
     0,
     0
    ],
    "epi_isl_406798_Hubei_20191226_DNBSEQ_2": [
     "A",
     "GCT",
     0,
     0
    ],
    "epi_isl_408478_Chongqinq_20200121_llumina_7": [
     "G",
     "GGT",
     0,
     0
    ],
    "epi_isl_408668_Thanh_Hoa_20200124_Illumina_2": [
     "G",
     "GGT",
     0,
     0
    ],
    "epi_isl_413023_Zurich_20200229_Illumina_2": [
     "G",
     "GGT",
     0,
     0
    ],
    "epi_isl_413025_Washington_20200227_Illumina_1": [
     "G",
     "GGT",
     0,
     0
    ],
    "epi_isl_413522_Kerala_20200127_Illumina_3": [
     "G",
     "GGT",
     0,
     0
    ],
    "epi_isl_413578_Nieuwendijk_20200301_Nanopore_88": [
     "G",
     "GGT",
     0,
     0
    ],
    "epi_isl_413861_Guangdong_20200201_metagenomics_BGI_13": [
     "G",
     "GGT",
     0,
     0
    ],
    "epi_isl_414012_England_20200227_Illumina_52": [
     "G",
     "GGT",
     0,
     0
    ],
    "epi_isl_415134_England_20200229_Illumina_1": [
     "G",
     "GGT",
     0,
     0
    ],
    "epi_isl_415139_England_20200301_Illumina_4": [
     "G",
     "GGT",
     0,
     0
    ],
    "epi_isl_415151_New_York_20200304_PacBio_3": [
     "G",
     "GGT",
     0,
     0
    ],
    "epi_isl_415621_Washington_20200309_Illumina_1": [
     "G",
     "GGT",
     0,
     0
    ],
    "epi_isl_416328_Shanghai_20200201_Illumina_1": [
     "G",
     "GGT",
     0,
     0
    ],
    "epi_isl_416343_Shanghai_20200204_Illumina_2": [
     "G",
     "GGT",
     0,
     0
    ],
    "epi_isl_416396_Shanghai_20200210_Illumina_1": [
     "G",
     "GGT",
     0,
     0
    ],
    "epi_isl_416459_Washington_20200301_Illumina_1": [
     "G",
     "GGT",
     0,
     0
    ],
    "epi_isl_416541_Dasman_20200302_Illumina_6": [
     "G",
     "GGT",
     0,
     0
    ],
    "epi_isl_416570_unknown_20200215_Illumina_1": [
     "G",
     "GGT",
     0,
     0
    ],
    "epi_isl_416693_Washington_20200312_Illumina_1": [
     "G",
     "GGT",
     0,
     0
    ],
    "epi_isl_416994_Castilla_y_Le_n_20200304_Illumina_4": [
     "G",
     "GGT",
     0,
     0
    ],
    "epi_isl_417033_Queensland_20200311_Illumina_1": [
     "G",
     "GGT",
     0,
     0
    ],
    "epi_isl_417084_Washington_20200302_Illumina_1": [
     "G",
     "GGT",
     0,
     0
    ],
    "epi_isl_417109_Washington_20200305_Illumina_1": [
     "G",
     "GGT",
     0,
     0
    ],
    "epi_isl_417423_Friuli_Venezia_Giulia_20200301_Illumina_1": [
     "G",
     "GGT",
     0,
     0
    ],
    "epi_isl_417524_Taoyuan_20200314_Illumina_1": [
     "G",
     "GGT",
     0,
     0
    ],
    "epi_isl_417531_Luxembourg_20200318_Illumina_3": [
     "G",
     "GGT",
     0,
     0
    ],
    "epi_isl_417669_Reykjavik_20200315_Illumina_1": [
     "G",
     "GGT",
     0,
     0
    ],
    "epi_isl_417730_Reykjavik_20200310_Illumina_1": [
     "-",
     "---",
     0,
     0
    ],
    "epi_isl_417968_Utah_20200324_Illumina_1": [
     "G",
     "GGT",
     0,
     0
    ],
    "epi_isl_418118_Wales_20200313_Illumina_1": [
     "G",
     "GGT",
     0,
     0
    ],
    "epi_isl_418259_Abruzzo_20200314_null_1": [
     "G",
     "GGT",
     0,
     0
    ],
    "epi_isl_418303_Derbyshire_20200325_Nanopore_2": [
     "G",
     "GGT",
     0,
     0
    ],
    "epi_isl_418911_Washington_20200324_Illumina_2": [
     "G",
     "GGT",
     0,
     0
    ]
   },
   "meme": 0.07729825896649001,
   "meme-branches": 1,
   "meme-fraction": 0.99999999,
   "prime": [],
   "substitutions": [
    0,
    1
   ],
   "timing": {
    "-": {
     "20200310": 1
    },
    "A": {
     "20191226": 1,
     "20200304": 1
    },
    "G": {
     "20191230": 3,
     "20191231": 1,
     "20200101": 2,
     "20200102": 2,
     "20200105": 1,
     "20200108": 2,
     "20200110": 1,