{"sequences": 30, "sites": 222, "tree": "((epi_isl_417083_Washington_20200228_Illumina_1:0.001507,epi_isl_416539_Wellington_20200315_Nanopore_2:0.001507)Node1:1e-06,((epi_isl_416395_Shanghai_20200209_Illumina_1:0.001506,epi_isl_415138_England_20200302_Illumina_7:0.001507)Node5:1e-06,((((epi_isl_414636_Hauts_de_France_20200304_Illumina_1:0.001507,epi_isl_413024_Zurich_20200229_Illumina_1:0.001507)Node11:1e-06,(epi_isl_413520_Beijing_20200128_MGISEQ2000_3:0.001507,(epi_isl_408431_Ile_de_France_20200129_Illumina_4:1e-06,epi_isl_416907_Selangor_20200220_Illumina_1:0.001505)Node16:0.001506)Node14:1e-06)Node10:1e-06,(epi_isl_417103_Washington_20200305_Illumina_1:0.001508,((epi_isl_413022_Zurich_20200229_Illumina_2:0.003017,(epi_isl_413855_Guangdong_20200207_metagenomics_BGI_9:1e-06,epi_isl_413880_Guangdong_20200205_multiplex_pcr_nanopore_1:0.003177)Node24:0.001507)Node22:1e-06,(epi_isl_416692_Washington_20200314_Illumina_1:0.001506,epi_isl_415150_England_20200309_Illumina_4:0.001507)Node27:1e-06)Node21:1e-06)Node19:1e-06)Node9:1e-06,epi_isl_402128_Hubei_20191230_MGISEQ_1371:1e-06)Node8:1e-06)Node4:1e-06,(((epi_isl_417243_England_20200303_Illumina_2:0.004557,epi_isl_414010_England_20200226_Illumina_10:1e-06)Node33:0.001506,((epi_isl_413572_Haarlem_20200301_Nanopore_42:0.001507,epi_isl_415620_Washington_20200309_Illumina_1:0.001507)Node37:1e-06,((epi_isl_415132_England_20200228_Illumina_1:0.001507,(epi_isl_417321_California_20200308_Illumina_1:0.001577,epi_isl_416569_unknown_20200215_Illumina_1:0.0007649999999999999)Node43:0.000751)Node41:1e-06,((epi_isl_417116_Washington_20200304_Illumina_1:0.010698,epi_isl_416327_Shanghai_20200128_Illumina_1:0.001506)Node47:1e-06,(epi_isl_406716_Hubei_20200102_Illumina_2:0.003018,(epi_isl_408667_Tokyo_20200131_NextSeq500_1:0.001507,epi_isl_406534_Guangdong_20200122_null_12:1e-06)Node52:0.001506)Node50:1e-06)Node46:1e-06)Node40:1e-06)Node36:1e-06)Node32:1e-06,(epi_isl_416457_California_20200318_Nanopore_2:0.001507,epi_isl_417032_Queensland_20200311_Illumina_1:0.001507)Node55:1e-06)Node31:1e-06)", "L": 0.006632152868193753, "p": 0.1, "selection": {"208": {"fel": 0.07873933674237521, "kind": "positive", "meme": 0.1018990938958669, "meme-fraction": 0.99999999, "meme-branches": 1, "substitutions": [0, 1], "composition": {"D": 55, "H": 3}, "labels": {"Node1": ["D", "GAC", 0, 0], "Node10": ["D", "GAC", 0, 0], "Node11": ["D", "GAC", 0, 0], "Node14": ["D", "GAC", 0, 0], "Node16": ["H", "CAC", 1, 0], "Node19": ["D", "GAC", 0, 0], "Node21": ["D", "GAC", 0, 0], "Node22": ["D", "GAC", 0, 0], "Node24": ["D", "GAC", 0, 0], "Node27": ["D", "GAC", 0, 0], "Node31": ["D", "GAC", 0, 0], "Node31_1": ["D", "GAC", 0, 0], "Node32": ["D", "GAC", 0, 0], "Node33": ["D", "GAC", 0, 0], "Node36": ["D", "GAC", 0, 0], "Node37": ["D", "GAC", 0, 0], "Node4": ["D", "GAC", 0, 0], "Node40": ["D", "GAC", 0, 0], "Node41": ["D", "GAC", 0, 0], "Node43": ["D", "GAC", 0, 0], "Node46": ["D", "GAC", 0, 0], "Node47": ["D", "GAC", 0, 0], "Node5": ["D", "GAC", 0, 0], "Node50": ["D", "GAC", 0, 0], "Node52": ["D", "GAC", 0, 0], "Node55": ["D", "GAC", 0, 0], "Node8": ["D", "GAC", 0, 0], "Node9": ["D", "GAC", 0, 0], "epi_isl_402128_Hubei_20191230_MGISEQ_1371": ["D", "GAC", 0, 0], "epi_isl_406534_Guangdong_20200122_null_12": ["D", "GAC", 0, 0], "epi_isl_406716_Hubei_20200102_Illumina_2": ["D", "GAC", 0, 0], "epi_isl_408431_Ile_de_France_20200129_Illumina_4": ["H", "CAC", 0, 0], "epi_isl_408667_Tokyo_20200131_NextSeq500_1": ["D", "GAC", 0, 0], "epi_isl_413022_Zurich_20200229_Illumina_2": ["D", "GAC", 0, 0], "epi_isl_413024_Zurich_20200229_Illumina_1": ["D", "GAC", 0, 0], "epi_isl_413520_Beijing_20200128_MGISEQ2000_3": ["D", "GAC", 0, 0], "epi_isl_413572_Haarlem_20200301_Nanopore_42": ["D", "GAC", 0, 0], "epi_isl_413855_Guangdong_20200207_metagenomics_BGI_9": ["D", "GAC", 0, 0], "epi_isl_413880_Guangdong_20200205_multiplex_pcr_nanopore_1": ["D", "GAC", 0, 0], "epi_isl_414010_England_20200226_Illumina_10": ["D", "GAC", 0, 0], "epi_isl_414636_Hauts_de_France_20200304_Illumina_1": ["D", "GAC", 0, 0], "epi_isl_415132_England_20200228_Illumina_1": ["D", "GAC", 0, 0], "epi_isl_415138_England_20200302_Illumina_7": ["D", "GAC", 0, 0], "epi_isl_415150_England_20200309_Illumina_4": ["D", "GAC", 0, 0], "epi_isl_415620_Washington_20200309_Illumina_1": ["D", "GAC", 0, 0], "epi_isl_416327_Shanghai_20200128_Illumina_1": ["D", "GAC", 0, 0], "epi_isl_416395_Shanghai_20200209_Illumina_1": ["D", "GAC", 0, 0], "epi_isl_416457_California_20200318_Nanopore_2": ["D", "GAC", 0, 0], "epi_isl_416539_Wellington_20200315_Nanopore_2": ["D", "GAC", 0, 0], "epi_isl_416569_unknown_20200215_Illumina_1": ["D", "GAC", 0, 0], "epi_isl_416692_Washington_20200314_Illumina_1": ["D", "GAC", 0, 0], "epi_isl_416907_Selangor_20200220_Illumina_1": ["H", "CAC", 0, 0], "epi_isl_417032_Queensland_20200311_Illumina_1": ["D", "GAC", 0, 0], "epi_isl_417083_Washington_20200228_Illumina_1": ["D", "GAC", 0, 0], "epi_isl_417103_Washington_20200305_Illumina_1": ["D", "GAC", 0, 0], "epi_isl_417116_Washington_20200304_Illumina_1": ["D", "GAC", 0, 0], "epi_isl_417243_England_20200303_Illumina_2": ["D", "GAC", 0, 0], "epi_isl_417321_California_20200308_Illumina_1": ["D", "GAC", 0, 0]}, "prime": []}}, "map": [0, 1, 2, 3, 4, 5, 6, 7, 8, 9, 10, 11, 12, 13, 14, 15, 16, 17, 18, 19, 20, 21, 22, 23, 24, 25, 26, 27, 28, 29, 30, 31, 32, 33, 34, 35, 36, 37, 38, 39, 40, 41, 42, 43, 44, 45, 46, 47, 48, 49, 50, 51, 52, 53, 54, 55, 56, 57, 58, 59, 60, 61, 62, 63, 64, 65, 66, 67, 68, 69, 70, 71, 72, 73, 74, 75, 76, 77, 78, 79, 80, 81, 82, 83, 84, 85, 86, 87, 88, 89, 90, 91, 92, 93, 94, 95, 96, 97, 98, 99, 100, 101, 102, 103, 104, 105, 106, 107, 108, 109, 110, 111, 112, 113, 114, 115, 116, 117, 118, 119, 120, 121, 122, 123, 124, 125, 126, 127, 128, 129, 130, 131, 132, 133, 134, 135, 136, 137, 138, 139, 140, 141, 142, 143, 144, 145, 146, 147, 148, 149, 150, 151, 152, 153, 154, 155, 156, 157, 158, 159, 160, 161, 162, 163, 164, 165, 166, 167, 168, 169, 170, 171, 172, 173, 174, 175, 176, 177, 178, 179, 180, 181, 182, 183, 184, 185, 186, 187, 188, 189, 190, 191, 192, 193, 194, 195, 196, 197, 198, 199, 200, 201, 202, 203, 204, 205, 206, 207, 208, 209, 210, 211, 212, 213, 214, 215, 216, 217, 218, 219, 220, 221]}