{"sequences":24,"bl":{"Node22":0.003587226361405713,"Node38":0.004792440233815676,"epi_isl_402120_Hubei_20200101_null_1":0.002704595065479975,"epi_isl_402125_China_20191231_Illumina_1040":0,"epi_isl_403932_Guandong_20200114_illumina_469":0,"epi_isl_404253_Illinois_20200121_Sanger__1":0,"epi_isl_406034_California_20200123_Sanger__17":0.002710756121365458,"epi_isl_408487_Henan_20200120_Illumina_1":0.002701259216970068,"epi_isl_411956_Texas_20200211_Sanger_1":0.002701259186895775,"epi_isl_412459_Hubei_20200108_Illumina_1":0.008161016449889058,"epi_isl_413868_Guangdong_20200228_multiplex_pcr_nanopore_1":0.002704471385617967,"epi_isl_413889_Guangdong_20200130_multiplex_pcr_nanopore_1":0,"epi_isl_413902_Guangdong_20200228_multiplex_pcr_nanopore_1":0.002704471385709561,"epi_isl_414040_England_20200205_Illumina_1":0,"epi_isl_414041_England_20200208_Illumina_3":0,"epi_isl_414688_Guangdong_20200225_DNBSEQ_T7_1":0.007226947965279415,"epi_isl_415516_Noord_Brabant_20200311_Nanopore_1":0.002701259214249293,"epi_isl_416343_Shanghai_20200204_Illumina_1":0.00269793118985411,"epi_isl_416397_Shanghai_20200202_Illumina_2":0.002705793274493534,"epi_isl_416464_Washington_20200301_Illumina_1":0.002701418706941398,"epi_isl_416661_Washington_20200312_Illumina_3":0.0027045959434216,"epi_isl_416679_Washington_20200311_Illumina_1":0.00270071091254892,"epi_isl_417276_England_20200307_Illumina_1":0.002704595943101368,"epi_isl_417308_England_20200306_Illumina_1":0.002757460828049008,"epi_isl_417319_California_20200305_Illumina_1":0.002700778166147491,"epi_isl_417327_California_20200309_Illumina_1":0.002701135275557744},"total sequences":1552,"aminoacid variant sites":[{"L":13,"S":10},{"D":22,"E":2}],"all variant sites":[{"TTA":13,"TCA":10,"TYA":1},{"GAT":22,"GAG":2}],"any variation":22,"sites":121,"tree":"(epi_isl_416661_Washington_20200312_Illumina_3,epi_isl_414040_England_20200205_Illumina_1,epi_isl_417319_California_20200305_Illumina_1,epi_isl_413868_Guangdong_20200228_multiplex_pcr_nanopore_1,epi_isl_402125_China_20191231_Illumina_1040,epi_isl_417308_England_20200306_Illumina_1,epi_isl_412459_Hubei_20200108_Illumina_1,(epi_isl_404253_Illinois_20200121_Sanger__1,epi_isl_406034_California_20200123_Sanger__17,epi_isl_408487_Henan_20200120_Illumina_1,epi_isl_411956_Texas_20200211_Sanger_1,epi_isl_403932_Guandong_20200114_illumina_469,epi_isl_416464_Washington_20200301_Illumina_1,epi_isl_417327_California_20200309_Illumina_1,epi_isl_416343_Shanghai_20200204_Illumina_1,epi_isl_416679_Washington_20200311_Illumina_1,(epi_isl_413889_Guangdong_20200130_multiplex_pcr_nanopore_1,epi_isl_414688_Guangdong_20200225_DNBSEQ_T7_1)Node38)Node22,epi_isl_415516_Noord_Brabant_20200311_Nanopore_1,epi_isl_417276_England_20200307_Illumina_1,epi_isl_413902_Guangdong_20200228_multiplex_pcr_nanopore_1,epi_isl_416397_Shanghai_20200202_Illumina_2,epi_isl_414041_England_20200208_Illumina_3,epi_isl_402120_Hubei_20200101_null_1)","MAF":0.2,"L":0.008379666595221389,"p":0.1,"branch_names":["Node22","Node26","Node38","epi_isl_402120_Hubei_20200101_null_1","epi_isl_402125_China_20191231_Illumina_1040","epi_isl_403932_Guandong_20200114_illumina_469","epi_isl_404253_Illinois_20200121_Sanger__1","epi_isl_406034_California_20200123_Sanger__17","epi_isl_408487_Henan_20200120_Illumina_1","epi_isl_411956_Texas_20200211_Sanger_1","epi_isl_412459_Hubei_20200108_Illumina_1","epi_isl_413868_Guangdong_20200228_multiplex_pcr_nanopore_1","epi_isl_413889_Guangdong_20200130_multiplex_pcr_nanopore_1","epi_isl_413902_Guangdong_20200228_multiplex_pcr_nanopore_1","epi_isl_414040_England_20200205_Illumina_1","epi_isl_414041_England_20200208_Illumina_3","epi_isl_414688_Guangdong_20200225_DNBSEQ_T7_1","epi_isl_415516_Noord_Brabant_20200311_Nanopore_1","epi_isl_416343_Shanghai_20200204_Illumina_1","epi_isl_416397_Shanghai_20200202_Illumina_2","epi_isl_416464_Washington_20200301_Illumina_1","epi_isl_416661_Washington_20200312_Illumina_3","epi_isl_416679_Washington_20200311_Illumina_1","epi_isl_417276_England_20200307_Illumina_1","epi_isl_417308_England_20200306_Illumina_1","epi_isl_417319_California_20200305_Illumina_1","epi_isl_417327_California_20200309_Illumina_1"],"selection":{"83":{"fel":0.00403056653045708,"kind":"positive","MAF":0.31894329896907214,"meme":0.007063569037379369,"meme-fraction":0.946914925296442,"meme-branches":1,"substitutions":[0,1],"composition":{"L":1057,"S":494},"labels":{"keys":{"0":["S","TCA",1,0],"1":["L","TTA",0,0],"2":["S","TCA",0,0],"3":["SL","TYA",1,0]},"values":[0,1,2,1,1,2,3,2,2,2,1,1,2,1,1,1,2,1,2,1,2,1,2,1,1,1,2]},"evolutionary_support":{"TCA":{"support":0.5312813862882474,"aa":"S"},"TTA":{"support":0.1982433107521034,"aa":"L"}},"evolutionary_predictions":{"ACA":2.063290267718906e-06,"AGA":1.18347186306681e-05,"CAA":0.002356247342939593,"CAG":9.073697701083148e-05,"CCA":0.0009969798902971488,"CCC":2.817711288434623e-05,"CCG":3.844829540784445e-05,"CCT":7.293603508823568e-05,"CGA":5.667162459070591e-06,"CTA":0.002088679635665968,"CTC":5.889554853844118e-05,"CTG":8.055019548612636e-05,"CTT":0.0001524340386753176,"GAA":0.0001083641678019561,"GAG":4.094495837854471e-06,"GCA":0.001183400432647386,"GCC":3.444538035350072e-05,"GCG":4.56576853068936e-05,"GCT":8.948836665565096e-05,"GGA":7.469371408966668e-05,"GGC":2.921080308959009e-06,"GGG":2.881461674894246e-06,"GGT":7.555460918468553e-06,"GTA":0.01326807549211052,"GTC":0.000134915326153791,"GTG":0.0005068463842637542,"GTT":0.000213956379502938,"TCA":0.5312813862882474,"TCC":0.05488992492640499,"TCG":0.02176420966986928,"TCT":0.1644612482670374,"TTA":0.1982433107521034,"TTG":0.007696872732402541},"counts":{"TTA":1057,"TCA":494,"TYA":1},"timing":{"L":[{"keys":{"0":"20200101","1":"20191231","2":"20200304","3":"20191230","4":"20200119","5":"20200306","6":"20200307","7":"20200309","8":"20200308","9":"20200310","10":"20200313","11":"20200229","12":"20200303","13":"20200302","14":"20200301","15":"20200129","16":"20200312","17":"20200314","18":"20200315","19":"20200305","20":"20200131","21":"20200311","22":"20200316","23":"20200122","24":"20200125","25":"20200207","26":"20200127","27":"20200205","28":"20200223","29":"20200113","30":"20200208","31":"20200123","32":"20200206","33":"20200209","34":"20200203","35":"20200204","36":"20200202","37":"20200128","38":"20200124","39":"20200108","40":"20200130","41":"20200201","42":"20200225","43":"20200216","44":"20200227","45":"20200220","46":"20200228","47":"20200210","48":"20200118","49":"20200111","50":"20200226","51":"20191224","52":"20200320","53":"20200224","54":"20200115","55":"20200117","56":"20200116","57":"20200317","58":"20200217","59":"20200218","60":"20200221","61":"20200102","62":"20191226","63":"20200212","64":"20200222","65":"20200318","66":"20200120","67":"20200219","68":"20200215","69":"20200214","70":"20200213","71":"20200121","72":"20200321"},"values":[0,1,2,3,4,5,6,7,8,9,10,11,2,12,6,10,5,6,2,13,14,15,16,17,18,19,5,20,9,10,17,16,21,22,23,24,17,18,25,26,27,28,29,30,24,31,32,33,15,2,20,26,34,35,36,31,15,23,36,37,26,24,37,0,31,25,38,39,40,41,33,41,42,42,43,44,45,44,13,46,14,2,19,27,15,47,48,42,44,45,46,11,24,31,49,46,19,33,30,34,27,32,50,51,44,11,44,12,2,7,8,46,45,46,12,26,44,10,16,21,52,19,8,14,0,44,13,12,19,5,2,8,10,21,7,39,16,11,53,9,11,46,54,55,29,56,13,57,13,12,31,14,2,58,59,60,45,23,53,14,61,62,41,40,20,33,46,63,47,36,44,21,12,12,50,53,44,50,13,11,12,14,30,42,25,6,14,8,5,37,12,0,42,53,47,63,13,2,64,19,13,12,5,19,8,50,11,13,12,11,19,8,6,7,44,42,57,65,19,22,5,12,14,66,11,46,31,13,15,9,7,46,12,19,8,7,2,8,32,6,24,18,50,44,9,35,19,9,44,25,67,37,68,13,69,30,70,71,38,24,34,6,5,6,41,9,21,13,15,68,58,43,47,42,41,11,19,9,38,32,6,2,6,7,52,6,28,71,13,31,24,72,21,27]},{"keys":{"0":"China","1":"France","2":"United Kingdom","3":"USA","4":"Japan","5":"Australia","6":"Belgium","7":"Taiwan","8":"Nepal","9":"Singapore","10":"Italy","11":"Brazil","12":"Cambodia","13":"South Korea","14":"Sweden","15":"Hong Kong","16":"Germany","17":"Canada","18":"New Zealand","19":"Finland","20":"Mexico","21":"Switzerland",