{"sequences": 99, "sites": 419, "tree": "((epi_isl_413693_China_2020_01_MGI_2:0.0008229999999999999,epi_isl_415454_Switzerland_20200228_null_4:0.0008229999999999999)Node1:1e-06,((epi_isl_417287_England_20200306_Illumina_1:0.0008229999999999999,(epi_isl_406034_California_20200123_Sanger__1:0.002491,(epi_isl_406595_Guandong_20200116_null_1:0.000821,epi_isl_406798_Hubei_20191226_DNBSEQ_7:1e-06)Node9:1e-06)Node7:0.000822)Node5:1e-06,((((epi_isl_416657_Washington_20200311_Illumina_1:0.0008229999999999999,epi_isl_413563_Washington_20200303_Illumina_2:0.0008229999999999999)Node15:1e-06,(epi_isl_416689_Washington_20200314_Illumina_1:0.0008229999999999999,epi_isl_404253_Illinois_20200121_Sanger__27:0.0008229999999999999)Node18:1e-06)Node14:1e-06,(epi_isl_415742_Taoyuan_20200227_Illumina_1:0.0008229999999999999,(epi_isl_416361_Shanghai_20200201_Illumina_2:0.0008229999999999999,epi_isl_410218_Taipei_20200205_Sanger_7:1e-06)Node23:0.0008229999999999999)Node21:1e-06)Node13:1e-06,(((((epi_isl_416626_unknown_20200217_Illumina_2:0.0008229999999999999,epi_isl_406534_Guangdong_20200122_null_1:0.0008229999999999999)Node30:1e-06,(((epi_isl_414623_Grand_Est_20200225_Illumina_1:0.000824,(epi_isl_415643_Tbilisi_20200310_Illumina_2:1e-06,epi_isl_417259_England_20200304_Illumina_1:0.000824)Node37:0.000824)Node35:1e-06,(epi_isl_417290_England_20200306_Illumina_1:0.000824,epi_isl_413879_Guangdong_20200205_multiplex_pcr_nanopore_3:0.000824)Node40:1e-06)Node34:1e-06,(((epi_isl_417163_Washington_20200305_Illumina_1:0.0008229999999999999,epi_isl_406799_Wuhan_20191231_DNBSEQ_1:0.0008229999999999999)Node45:1e-06,((epi_isl_415787_Lima_20200310_Illumina_1:0.036079,epi_isl_416360_Shanghai_20200201_Illumina_1:1e-06)Node49:0.0008229999999999999,epi_isl_414017_Sao_Paulo_20200304_Ion_15:0.0008229999999999999)Node48:1e-06)Node44:1e-06,epi_isl_402128_Hubei_20191230_MGISEQ_986:1e-06)Node43:1e-06)Node33:1e-06)Node29:1e-06,((epi_isl_415700_Switzerland_20200228_null_3:0.0008229999999999999,epi_isl_417351_Washington_20200312_Illumina_1:0.0008229999999999999)Node55:1e-06,(epi_isl_414450_Noord_Brabant_20200306_Nanopore_2:0.0008229999999999999,epi_isl_414580_Santiago_20200305_Illumina_1:0.0008229999999999999)Node58:1e-06)Node54:1e-06)Node28:1e-06,((epi_isl_416697_Washington_20200313_Illumina_1:0.0008229999999999999,epi_isl_416645_Washington_20200311_Illumina_1:0.000824)Node62:1e-06,((((((epi_isl_417244_England_20200303_Illumina_1:0.000827,epi_isl_410719_Singapore_20200202_Illumina_2:1e-06)Node70:0.000822,epi_isl_416412_Victoria_20200302_Ilumina_1:0.000827)Node69:1e-06,(epi_isl_416389_Shanghai_20200121_Illumina_1:0.0008229999999999999,epi_isl_416354_Shanghai_20200204_Illumina_1:0.0008229999999999999)Node74:1e-06)Node68:1e-06,((((epi_isl_415503_Noord_Brabant_20200311_Nanopore_1:0.0008229999999999999,epi_isl_414540_Noord_Brabant_20200308_Nanopore_1:0.0008229999999999999)Node80:1e-06,(((epi_isl_408008_California_20200129_Sanger_34:1e-06,epi_isl_416351_Shanghai_20200206_Illumina_1:0.000835)Node85:0.000824,epi_isl_414584_Dublin_20200302_MinION_2:0.0008229999999999999)Node84:1e-06,(((epi_isl_413595_NSW_20200228_Illumina_6:0.000827,(((((epi_isl_417251_England_20200303_Illumina_2:0.000826,epi_isl_417031_Queensland_20200311_null_1:0.000826)Node97:1e-06,epi_isl_412968_Japan_20200210_null_120:1e-06)Node96:1e-06,(epi_isl_415582_British_Columbia_20200304_Nanopore_1:0.000826,epi_isl_414470_Zuid_Holland_20200306_Nanopore_1:0.000831)Node101:1e-06)Node95:1e-06,(epi_isl_417285_England_20200306_Illumina_1:0.000826,epi_isl_413025_Washington_20200227_Illumina_1:0.000826)Node104:1e-06)Node94:1e-06,(epi_isl_414482_USA_20200218_Nanopore_1:0.000825,epi_isl_414579_Santiago_20200303_Illumina_2:0.000826)Node107:1e-06)Node93:1e-06)Node91:0.001661,epi_isl_417353_Washington_20200313_Illumina_1:1e-06)Node90:0.000824,epi_isl_412972_Mexico_City_20200227_Ion_3:0.000824)Node89:1e-06)Node83:1e-06)Node79:1e-06,((((epi_isl_413925_California_20200305_Illumina_1:0.002512,epi_isl_415528_Utrecht_20200312_Nanopore_1:1e-06)Node115:0.0008229999999999999,epi_isl_413609_USA_20200221_null_2:0.000827)Node114:1e-06,(epi_isl_413557_California_2020_Illumina_1:0.0008229999999999999,epi_isl_416670_Washington_20200312_Illumina_3:0.000824)Node119:1e-06)Node113:1e-06,(((epi_isl_416446_Washington_20200310_Illumina_1:0.000824,epi_isl_414510_Shanghai_20200202_Illumina__12:0.001646)Node124:1e-06,(epi_isl_416437_Washington_20200310_Illumina_6:0.0008229999999999999,epi_isl_417117_Washington_20200303_Illumina_1:0.0008229999999999999)Node127:1e-06)Node123:1e-06,((epi_isl_413647_Portugal_20200301_Illumina_1:0.0008229999999999999,epi_isl_408485_Beijing_20200118_Illumina_1:0.0008229999999999999)Node131:1e-06,(epi_isl_416371_Shanghai_20200205_Illumina_1:0.0008229999999999999,epi_isl_413873_Guangdong_20200228_multiplex_pcr_nanopore_1:0.0008229999999999999)Node134:1e-06)Node130:1e-06)Node122:1e-06)Node112:1e-06)Node78:1e-06,(((epi_isl_413876_Guangdong_20200210_multiplex_pcr_nanopore_1:0.000827,epi_isl_413648_Portugal_20200301_Illumina_1:0.000392)Node139:0.000431,epi_isl_414941_Shandong_20200130_null_1:0.000826)Node138:1e-06,((epi_isl_415605_Washington_20200305_Illumina_1:0.0008229999999999999,epi_isl_413857_Guangdong_20200131_metagenomics_BGI_2:0.0008229999999999999)Node144:1e-06,(epi_isl_417217_England_20200301_Illumina_1:0.001648,epi_isl_415584_British_Columbia_20200302_Nanopore_3:0.0008229999999999999)Node147:1e-06)Node143:1e-06)Node137:1e-06)Node77:1e-06)Node67:1e-06,((epi_isl_414586_Limerick_20200303_Nanopore_2:0.0008229999999999999,epi_isl_414507_North_Rhine_Westphalia_20200303_Nanopore_6:0.000826)Node151:1e-06,((epi_isl_415655_Wales_20200312_Nanopore_2:0.000824,epi_isl_417084_Washington_20200302_Illumina_2:0.000824)Node155:1e-06,(epi_isl_413018_South_Korea_20200206_Illumina_1:0.0008229999999999999,epi_isl_416042_Hangzhou_20200126_Novaseq_1:0.0008229999999999999)Node158:1e-06)Node154:1e-06)Node150:1e-06)Node66:1e-06,(((epi_isl_413623_USA_20200224_null_3:0.0008229999999999999,epi_isl_413015_Ontario_20200123_Nanopore_1:0.000824)Node163:1e-06,(epi_isl_415585_British_Columbia_20200304_Nanopore_2:0.0008229999999999999,epi_isl_415516_Noord_Brabant_20200311_Nanopore_1:0.0008229999999999999)Node166:1e-06)Node162:1e-06,((epi_isl_416571_unknown_20200215_Illumina_7:0.0008229999999999999,epi_isl_416655_Washington_20200311_Illumina_1:0.0008229999999999999)Node170:1e-06,((epi_isl_417094_Washington_20200228_Illumina_1:0.000824,(((epi_isl_414485_USA_20200224_Nanopore_1:0.000825,epi_isl_413485_Anhui_20200124_null_5:0.000826)Node178:1e-06,((epi_isl_413603_Helsinki_20200303_Illumina_1:0.000826,epi_isl_414578_Talca_20200304_Illumina_1:0.000826)Node182:1e-06,epi_isl_408488_Jiangsu_20200119_Illumina_116:1e-06)Node181:1e-06)Node177:1e-06,epi_isl_415978_Wales_20200308_null_3:0.000826)Node176:0.000824)Node174:1e-06,(epi_isl_416619_unknown_20200217_Illumina_1:0.0008229999999999999,epi_isl_406594_Guandong_20200116_null_7:0.0008229999999999999)Node187:1e-06)Node173:1e-06)Node169:1e-06)Node161:1e-06)Node65:1e-06)Node61:1e-06)Node27:1e-06,epi_isl_412967_Guangzhou_20200129_Illumina_1:0.000827)Node26:1e-06)Node12:1e-06)Node4:1e-06,((epi_isl_413928_California_20200305_Illumina_1:0.002544,epi_isl_414477_Usti_nad_Labem_20200301_Nanopore_1:1e-06)Node192:0.000822,epi_isl_417201_Wisconsin_20200321_Nanopore_1:0.002493)Node191:1e-06)", "L": 0.008092969873710866, "p": 0.1, "selection": {},