{"sequences":101,"bl":{"Node101":0.0005285012864942442,"Node114":0.0005288856118594749,"Node126":0.0005287061213572972,"Node138":1.401877135940399e-06,"Node139":0.0005270634762756918,"Node143":2.25560113093514e-06,"Node144":0.0005264242000601401,"Node145":0.00106043570603271,"Node28":0.00052857661737827,"Node45":2.522261515640283e-06,"Node46":0.0005262357001713766,"Node85":0.000528911756614748,"Node90":0.0005288856513042712,"epi_isl_402120_Hubei_20200101_null_1091":0,"epi_isl_403932_Guandong_20200114_illumina_24":0.0008221119586331377,"epi_isl_404253_Illinois_20200121_Sanger__1":0,"epi_isl_406034_California_20200123_Sanger__1":0.0008227191884979396,"epi_isl_406533_Guangdong_20200122_null_9":0.0008221120243051138,"epi_isl_406534_Guangdong_20200122_null_1":0.0008218409975534868,"epi_isl_406594_Guandong_20200116_null_9":0,"epi_isl_406595_Guandong_20200116_null_1":0.0008221120150120818,"epi_isl_407894_Queensland_20200128_Illumina_17":0,"epi_isl_408478_Chongqinq_20200121_llumina_1":0.0008221119586405522,"epi_isl_408482_Shandong_20200119_Illumina_37":0,"epi_isl_408976_New_South_Wales_20200122_Illumina_5":0,"epi_isl_410713_Singapore_20200127_Illumina_2":0,"epi_isl_412900_Hubei_20191230_Illumina_1":0.0008233295475938033,"epi_isl_412912_Baden_Wuerttemberg_20200225_Sanger_168":0,"epi_isl_412967_Guangzhou_20200129_Illumina_3":0.000822709862872713,"epi_isl_412980_Hubei_20200118_Nextseq550_1":0.0008226841096315227,"epi_isl_412983_Hubei_20200208_Illumina_1":0.0008221120148427749,"epi_isl_413020_Zurich_20200227_Illumina_1":0.0008232639264491009,"epi_isl_413214_New_South_Wales_20200229_Illumina_10":0.0008237121915978329,"epi_isl_413520_Beijing_20200128_MGISEQ2000_1":0.0008227191887708864,"epi_isl_413557_California_2020_Illumina_1":0.0008221119631453645,"epi_isl_413570_Diemen_20200228_Nanopore_6":0.000823953386009462,"epi_isl_413595_NSW_20200228_Illumina_2":0.0008237122495654716,"epi_isl_413603_Helsinki_20200303_Illumina_3":0.0008233295479947249,"epi_isl_413606_USA_20200217_null_3":0.0008224306554824359,"epi_isl_413607_USA_20200218_null_1":0.0008221119584403068,"epi_isl_413609_USA_20200221_null_1":0,"epi_isl_413648_Portugal_20200301_Illumina_2":0.0008221120241482917,"epi_isl_413851_Guangdong_20200130_metagenomics_BGI_2":0.0008221119584312329,"epi_isl_413868_Guangdong_20200228_multiplex_pcr_nanopore_1":0.0008223318831537948,"epi_isl_413871_Guangdong_20200228_multiplex_pcr_nanopore_1":0.000824046563476013,"epi_isl_413874_Guangdong_20200212_multiplex_pcr_nanopore_2":0.0008227832070280254,"epi_isl_414010_England_20200226_Illumina_4":0.000822430701275409,"epi_isl_414379_Singapore_20200218_null_1":0.0008221119586410303,"epi_isl_414429_Noord_Brabant_20200302_Nanopore_4":0.0008239303672059204,"epi_isl_414452_Noord_Brabant_20200306_Nanopore_1":0.0008224306556954382,"epi_isl_414470_Zuid_Holland_20200306_Nanopore_1":0.0008230638188328735,"epi_isl_414476_New_York_20200229_PacBio_1":0.0008230514875610968,"epi_isl_414485_USA_20200224_Nanopore_1":0.0008237226320383504,"epi_isl_414496_Comunitat_Valenciana_20200304_Nanopore_14":0.001645125992307217,"epi_isl_414527_Hong_Kong_20200209_Illumina_1":0.0008223724529526083,"epi_isl_414558_Zuid_Holland_20200306_Nanopore_1":0.0008236869452388786,"epi_isl_414565_Zuid_Holland_20200309_Nanopore_2":0.0008232639134577021,"epi_isl_414567_Hong_Kong_20200210_Illumina_1":0.0008221119586358179,"epi_isl_414571_Hong_Kong_20200222_Illumina_1":0.0008221120242712033,"epi_isl_414577_Talca_20200302_Illumina_2":0.0008223723903572322,"epi_isl_414617_USA_20200308_Illumina_1":0.0008228138476495938,"epi_isl_414936_Shandong_20200123_null_1":0.0008231893391747461,"epi_isl_415137_England_20200302_Illumina_1":0,"epi_isl_415153_Huldenberg_20200303_Nanopore_4":0.0008221119586358621,"epi_isl_415488_Netherlands_20200313_Nanopore_1":0.0008224306556293188,"epi_isl_415490_Netherlands_20200307_Nanopore_1":0.00082211195868609,"epi_isl_415495_Netherlands_20200310_Nanopore_1":0.0008224306558612332,"epi_isl_415532_Zuid_Holland_20200309_Nanopore_1":0.0008232638907150846,"epi_isl_415535_Zuid_Holland_20200312_Nanopore_1":0.00082211195408665,"epi_isl_415537_Wales_20200308_Nanopore_2":0.0008223724529617904,"epi_isl_415600_USA_20200309_Illumina_1":0.0008221119586106118,"epi_isl_415628_Scotland_20200307_Nanopore_3":0,"epi_isl_415650_IDF_20200302_Illumina_3":0.0008227099134109239,"epi_isl_415657_Wales_20200312_null_4":0.0008223723857391937,"epi_isl_415708_Switzerland_20200307_null_1":0.0008221119586674011,"epi_isl_415710_Saint_Petersburg_20200315_Nanopore_1":0.03769070646690952,"epi_isl_415741_Taoyuan_20200226_Illumina_3":0.0008236868840614683,"epi_isl_416024_Wales_20200311_null_1":0.0008221120243561064,"epi_isl_416344_Shanghai_20200130_Illumina_1":0.0008257264414071562,"epi_isl_416345_Shanghai_20200204_Illumina_2":0.000822111953995122,"epi_isl_416354_Shanghai_20200204_Illumina_1":0,"epi_isl_416355_Shanghai_20200204_Illumina_1":0.0008223798364561511,"epi_isl_416362_Shanghai_20200202_Illumina_1":0.0008223724530732394,"epi_isl_416378_Shanghai_20200130_Illumina_1":0.0008221119587582102,"epi_isl_416398_Shanghai_20200202_Illumina_1":0.0008232925145608107,"epi_isl_416432_Riyadh_20200307_null_9":0.0008221119582591028,"epi_isl_416441_Washington_20200310_Illumina_1":0.0008226841093755209,"epi_isl_416566_unknown_20200215_Illumina_1":0.000822331883016281,"epi_isl_416613_unknown_20200217_Illumina_1":0.0008221119586303812,"epi_isl_416621_unknown_20200217_Illumina_1":0.0008223724528208964,"epi_isl_416640_Washington_20200311_Illumina_1":0.0008227098574972769,"epi_isl_416650_USA_20200310_Illumina_1":0.0008223723903792649,"epi_isl_416652_Washington_20200311_Illumina_1":0.0008221120149179731,"epi_isl_416665_Washington_20200312_Illumina_3":0.000822684109597059,"epi_isl_416684_Washington_20200314_Illumina_1":0.0008221119586449434,"epi_isl_416692_Washington_20200314_Illumina_1":0.0008227191283561845,"epi_isl_417021_Li_ge_20200315_Nanopore_3":0.0008232639267069242,"epi_isl_417064_Hong_Kong_20200121_Illumina_2":0.0008226841094137086,"epi_isl_417086_Washington_20200301_Illumina_1":0.0008226841096027728,"epi_isl_417102_Washington_20200304_Illumina_1":0.0008221119630676743,"epi_isl_417120_Washington_20200304_Illumina_2":0.0008227192486724191,"epi_isl_417192_Minnesota_20200312_Nanopore_1":0.001647403500597903,"epi_isl_417212_Otago_20200311_Illumina_1":0.001645349944150177,"epi_isl_417236_England_20200301_Illumina_1":0,"epi_isl_417238_England_20200303_Illumina_1":0.000822804586687742,"epi_isl_417244_England_20200303_Illumina_2":0.0008232639265054651,"epi_isl_417253_England_20200303_Illumina_1":0.0008229598332025094,"epi_isl_417257_England_20200303_Illumina_1":0,"epi_isl_417259_England_20200304_Illumina_1":0,"epi_isl_417279_England_20200307_Illumina_1":0.0008232639135555436,"epi_isl_417281_England_20200306_Illumina_1":0.0008224307015176792,"epi_isl_417285_England_20200306_Illumina_1":0.0008227098630106851,"epi_isl_417346_Washington_20200312_Illumina_1":0.0008224306554824359,"epi_isl_417348_Washington_20200313_Illumina_1":0},"total sequences":1528,"aminoacid variant sites":[{"Q":99,"H":2},{"R":99,"L":2},{"S":98,"L":2},{"S":99,"N":2},{"R":89,"K":11},{"G":90,"R":10},{"K":97,"N":2,"L":1},{"D":99,"Y":2}],"all variant sites":[{"CAG":99,"CAT":2},{"TTG":93,"CTG":6,"YTG":2},{"CGC":99,"CTC":2},{"TCA":98,"TYA":1,"TTA":2},{"AGT":99,"AAT":2},{"AGG":89,"AAA":10,"ARR":1,"AAG":1},{"GGA":90,"CGA":10,"SGA":1},{"GAG":99,"GAA":2},{"AAG":97,"AAT":2,"CTG":1,"NAG":1},{"CAA":99,"CAG":2},{"CCG":98,"CCT":1,"CCA":2},{"GTG":98,"GTT":2,"CTT":1},{"GAT":99,"TAT":2}],"any variation":108,"sites":419,