{"sequences":97,"bl":{"Node126":0.001137638312064805,"Node165":0.001137664089765324,"Node17":0.001138989923952718,"Node49":0.001137754785225588,"epi_isl_413221_Scotland_20200302_null_1":0.003022656377076521,"epi_isl_413890_Guangdong_20200228_null_1":0.003019202380283858,"epi_isl_415654_Hauts_de_France_20200309_null_1":0.003019202386191305,"epi_isl_415710_Saint_Petersburg_20200315_null_1":0.003085761766079624,"epi_isl_416502_Bretagne_20200226_null_1":0.003022262214702266,"epi_isl_416566_unknown_20200215_null_1":0.003019202389628127,"epi_isl_417176_Hong_Kong_20200121_null_1":0.003018448934806706,"epi_isl_420329_Riemst_20200305_null_1":0.003019202386025783,"epi_isl_420352_Sint_Gillis_Waas_20200307_null_1":0.003018448941338808,"epi_isl_421251_Jiangxi_20200203_null_5":0.003022671833117864,"epi_isl_422125_Wales_20200328_null_1":0.003024082856995202,"epi_isl_422349_Wales_20200324_null_2":0.003021458124221278,"epi_isl_422635_Zuid_Holland_20200331_null_1":0.003022607020320184,"epi_isl_422964_Washington_20200316_null_1":0.00301920238975102,"epi_isl_423819_England_20200323_null_2":0.003035485063979225,"epi_isl_427168_Idaho_20200329_null_1":0.003022262303452706,"epi_isl_427776_New_South_Wales_20200323_null_1":0.003019202460505532,"epi_isl_428353_Hauts_De_France_20200324_null_4":0.003018448940378036,"epi_isl_428485_Karnataka_20200412_null_1":0.003040768085480124,"epi_isl_428722_Balikesir_20200322_null_4":0.003024064907941344,"epi_isl_429071_California_20200328_null_5":0.003027547817683541,"epi_isl_429766_Luxembourg_20200323_null_1":0.003018448934960524,"epi_isl_429853_Zhejiang_20200128_null_5":0.003022607020320184,"epi_isl_430342_New_York_20200330_null_2":0.003022607032536488,"epi_isl_430738_Beijing_20200205_null_1":0,"epi_isl_430955_Washington_20200401_null_2":0.003022639928815141,"epi_isl_432003_Wales_20200401_null_1":0.003018560457148264,"epi_isl_432151_Wales_20200324_null_3":0.003022738468144147,"epi_isl_432392_Wales_20200408_null_2":0.003020586837300764,"epi_isl_432723_England_20200407_null_1":0.003018576367025351,"epi_isl_433271_Scotland_20200409_null_18":0.003019329317470586,"epi_isl_433381_Scotland_20200406_null_3":0.003024064815841926,"epi_isl_433611_Scotland_20200404_null_4":0.003023782127667822,"epi_isl_433684_England_20200401_null_1":0.003019329313192557,"epi_isl_433838_England_20200101_null_1":0.003023475003550394,"epi_isl_434464_Athens_20200316_null_2":0.003022754909655824,"epi_isl_434536_Costa_Rica_20200317_null_1":0.01220963854127365,"epi_isl_434675_Stockholm_20200420_null_1":0.003023456460592114,"epi_isl_434720_Texas_20200315_null_1":0.003035438181812562,"epi_isl_435059_EC_20200320_null_1":0.009107900499596314,"epi_isl_435489_New_York_20200331_null_1":0.003018448976126966,"epi_isl_435554_Louisiana_20200425_null_3":0.003018638549003566,"epi_isl_436052_New_York_20200309_null_1":0.00302275493530004,"epi_isl_436403_Comunitat_Valenciana_20200323_null_6":0.003019345175712599,"epi_isl_436514_Florida_20200406_null_1":0.003019297598286346,"epi_isl_436568_Wisconsin_20200331_null_1":0.00302142101674608,"epi_isl_436654_California_20200407_null_1":0.003040768161000472,"epi_isl_437331_Ankara_20200325_null_1":0.003022722019666468,"epi_isl_437651_Unknown_20200404_null_1":0.003022721080736429,"epi_isl_437768_Virginia_20200409_null_4":0.003022722004387662,"epi_isl_437976_Ischgl_20200311_null_4":0.003027639827091509,"epi_isl_438104_Vienna_20200325_null_46":0.003022582849050576,"epi_isl_438365_England_20200330_null_14":0.003022754920153524,"epi_isl_438715_England_20200425_null_3":0.003015390983522654,"epi_isl_438781_Scotland_20200331_null_2":0.003021439566949441,"epi_isl_439314_Scotland_20200428_null_5":0.00302255768729183,"epi_isl_439668_Scotland_20200430_null_8":0.003021452223083714,"epi_isl_439675_England_20200407_null_1":0.003022557680481283,"epi_isl_439687_England_20200407_null_1":0.003018400914640321,"epi_isl_440298_England_20200314_null_3":0.003020586820913293,"epi_isl_440722_England_20200405_null_1":0.003022212861154008,"epi_isl_440922_England_20200420_null_3":0.003023475114393434,"epi_isl_441236_England_20200403_null_1":0.00301975789924632,"epi_isl_441287_England_20200404_null_1":0.003027639793168999,"epi_isl_441351_England_20200420_null_4":0.003022212850954449,"epi_isl_441685_Northern_Ireland_20200327_null_2":0.003022212865159029,"epi_isl_441735_England_20200405_null_1":0.003023475000603855,"epi_isl_442349_England_20200326_null_1":0.00302255767512011,"epi_isl_442490_England_20200405_null_10":0.003018925754031437,"epi_isl_442638_England_20200406_null_1":0.003023118215551433,"epi_isl_442646_England_20200406_null_1":0.003018400914841346,"epi_isl_442717_England_20200405_null_3":0.003021422242437349,"epi_isl_442893_England_20200406_null_3":0.003022557680481283,"epi_isl_442931_England_20200408_null_2":0.003022557682738871,"epi_isl_443184_Washington_20200331_null_45":0,"epi_isl_443387_England_20200413_null_5":0.003019154592812497,"epi_isl_443415_England_20200414_null_5":0.00302255767620041,"epi_isl_443456_England_20200414_null_2":0.003022229305442647,"epi_isl_443517_England_20200416_null_6":0.003022557686949515,"epi_isl_443742_England_20200325_null_1":0.00302258285333812,"epi_isl_444102_England_20200406_null_1":0.003019154588707993,"epi_isl_444125_England_20200408_null_1":0.003018400918054083,"epi_isl_444188_England_20200414_null_1":0.003018432980655239,"epi_isl_444208_England_20200415_null_3":0.003022557675430712,"epi_isl_444252_England_20200419_null_93":0,"epi_isl_444387_England_20200428_null_1":0.003024401368845489,"epi_isl_444389_England_20200428_null_2":0,"epi_isl_444462_Gujarat_20200429_null_75":0.003022573194615368,"epi_isl_444644_New_York_20200329_null_12":0.003022557686919235,"epi_isl_444663_New_York_20200331_null_4":0.00302255767512011,"epi_isl_444678_New_York_20200330_null_7":0.003022590642051591,"epi_isl_444742_New_Jersey_20200402_null_1":0.00301843300856002,"epi_isl_444956_Unknown_20200331_null_34":0.003022557679314592,"epi_isl_444998_Guam_20200326_null_2":0.003022574132465651,"epi_isl_445024_Florida_20200430_null_1":0.003022590580445836,"epi_isl_445124_Louisiana_20200402_null_3":0.003023456484862269,"epi_isl_445170_California_20200327_null_24361":0},"total sequences":24895,"aminoacid variant sites":[],"all variant sites":[{"GCT":94,"GTT":1,"GCC":2},{"CTG":94,"TTG":1,"CTT":2},{"ATC":95,"ATT":2},{"GCT":93,"GTT":1,"GCC":2,"TCT":1}],"any variation":65,"sites":113,