{
 "L": 0.0009940597963438778,
 "MAF": 0.2,
 "all variant sites": [
  {
   "GAA": 47,
   "GAG": 2,
   "GAT": 1
  }
 ],
 "aminoacid variant sites": [],
 "any variation": 43,
 "bl": {
  "Node51": 0.000783565108799738,
  "Node52": 0.0002104946875441398,
  "epi_isl_402120_Hubei_20200101_null_1": 0.002823899660429246,
  "epi_isl_402123_Hubei_20191224_null_3304": 0,
  "epi_isl_408482_Shandong_20200119_Illumina_1": 0.00283006144411449,
  "epi_isl_408487_Henan_20200120_Illumina_1": 0.002823899660448725,
  "epi_isl_413021_Zurich_20200229_Illumina_2": 0.002819001564817705,
  "epi_isl_413221_Scotland_20200302_Nanopore_1": 0.002823899652486592,
  "epi_isl_413852_Guangdong_20200130_metagenomics_BGI_1": 0,
  "epi_isl_415610_Washington_20200308_Illumina_1": 0,
  "epi_isl_416320_Shanghai_20200128_Illumina_1": 0.002819001564873759,
  "epi_isl_416345_Shanghai_20200204_Illumina_1": 0.005660157817694403,
  "epi_isl_416367_Shanghai_20200201_Illumina_1": 0.002508894617850144,
  "epi_isl_416384_Shanghai_20200204_Illumina_1": 0.002822519559540007,
  "epi_isl_416392_Shanghai_20200202_Illumina_1": 0.002828340809448951,
  "epi_isl_416425_Hangzhou_20200203_Novaseq_1": 0.002830061437040717,
  "epi_isl_416441_Washington_20200310_Illumina_1": 0.002823899659602495,
  "epi_isl_416458_Hawali_20200302_Illumina_1": 0.002823759420428965,
  "epi_isl_416538_Wellington_20200315_Nanopore_26": 0.002823899652529653,
  "epi_isl_416695_Washington_20200313_Illumina_6": 0.002821603286656579,
  "epi_isl_417130_Washington_20200305_Illumina_2": 0.002823899651183393,
  "epi_isl_417245_England_20200302_Illumina_1": 0,
  "epi_isl_417253_England_20200303_Illumina_1": 0,
  "epi_isl_417374_Washington_20200315_Illumina_2": 0.002819416508131764,
  "epi_isl_417547_Reykjavik_20200317_Illumina_1": 0.002823899656336413,
  "epi_isl_417567_Reykjavik_20200317_Illumina_2": 0.002820925731401129,
  "epi_isl_417584_Reykjavik_20200317_Illumina_2": 0.002823899650415505,
  "epi_isl_417697_Reykjavik_20200304_Illumina_1": 0.002823899654529639,
  "epi_isl_417706_Reykjavik_20200316_Illumina_2": 0.002823899654610637,
  "epi_isl_417787_Reykjavik_20200312_Illumina_1": 0.002819001561026939,
  "epi_isl_417850_Reykjavik_20200305_Illumina_2": 0.002823759413984757,
  "epi_isl_417873_Reykjavik_20200310_Illumina_1": 0.002823899658344366,
  "epi_isl_417969_Madrid_20200309_Ion_1": 0.002819001564871566,
  "epi_isl_418009_Portugal_20200315_Illumina_1": 0.002823759415438668,
  "epi_isl_418117_Wales_20200314_Illumina_5": 0,
  "epi_isl_418164_Wales_20200317_Illumina_1": 0.005662566722357204,
  "epi_isl_418228_Hauts_de_France_20200312_Illumina_1": 0.002823899650399562,
  "epi_isl_418645_Li_ge_20200321_Nanopore_3": 0.002823899650418764,
  "epi_isl_418691_England_20200317_Illumina_1": 0,
  "epi_isl_418712_England_20200316_Illumina_3": 0.002823899650423224,
  "epi_isl_418731_England_20200313_Illumina_1": 0,
  "epi_isl_419185_ARA_20200322_Illumina_1": 0.002819001574142827,
  "epi_isl_419244_Hong_Kong_20200222_Nanopore_1": 0.002823899652528343,
  "epi_isl_419387_Lisbon_20200318_Nanopore_1": 0.002823364697041272,
  "epi_isl_419572_Luxembourg_20200310_Illumina_1": 0,
  "epi_isl_419592_Luxembourg_20200315_Illumina_1": 0,
  "epi_isl_419693_Belarus_2020_03_Illumina_1": 0.002819001562669313,
  "epi_isl_419708_Virginia_20200312_Illumina_1": 0.003193789731939557,
  "epi_isl_419735_Victoria_20200224_Illumina_1": 0,
  "epi_isl_419896_Victoria_20200319_Illumina_1": 0.002819001573994476,
  "epi_isl_419981_Victoria_20200322_Illumina_1": 0.002822519564943204,
  "epi_isl_420022_Virginia_20200322_Illumina_1": 0.002821603291539141
 },
 "dN/dS": {
  "internal": [
   [
    0,
    1
   ]
  ],
  "leaves": [
   [
    0.9226493023745777,
    1
   ]
  ]
 },
 "map": [
  0,
  1,
  2,
  3,
  4,
  5,
  6,
  7,
  8,
  9,
  10,
  11,
  12,
  13,
  14,
  15,
  16,
  17,
  18,
  19,
  20,
  21,
  22,
  23,
  24,
  25,
  26,
  27,
  28,
  29,
  30,
  31,
  32,
  33,
  34,
  35,
  36,
  37,
  38,
  39,
  40,
  41,
  42,
  43,
  44,
  45,
  46,
  47,
  48,
  49,
  50,
  51,
  52,
  53,
  54,
  55,
  56,
  57,
  58,
  59,
  60,
  61,
  62,
  63,
  64,
  65,
  66,
  67,
  68,
  69,
  70,
  71,
  72,
  73,
  74,
  75,
  76,
  77,
  78,
  79,
  80,
  81,
  82,
  83,
  84,
  85,
  86,
  87,
  88,
  89,
  90,
  91,
  92,
  93,
  94,
  95,
  96,
  97,
  98,
  99,
  100,
  101,
  102,
  103,
  104,
  105,
  106,
  107,
  108,
  109,
  110,
  111,
  112,
  113,
  114,
  115,
  116,
  117,
  118,
  119,
  120
 ],
 "p": 0.1,
 "selection": {},
 "sequences": 50,
 "sites": 121,
 "total sequences": 3398,
 "tree": "(epi_isl_416392_Shanghai_20200202_Illumina_1,epi_isl_418731_England_20200313_Illumina_1,epi_isl_416695_Washington_20200313_Illumina_6,epi_isl_417584_Reykjavik_20200317_Illumina_2,epi_isl_415610_Washington_20200308_Illumina_1,epi_isl_417253_England_20200303_Illumina_1,epi_isl_408487_Henan_20200120_Illumina_1,epi_isl_416425_Hangzhou_20200203_Novaseq_1,epi_isl_408482_Shandong_20200119_Illumina_1,epi_isl_419592_Luxembourg_20200315_Illumina_1,epi_isl_418712_England_20200316_Illumina_3,epi_isl_413021_Zurich_20200229_Illumina_2,epi_isl_417706_Reykjavik_20200316_Illumina_2,epi_isl_417567_Reykjavik_20200317_Illumina_2,epi_isl_417787_Reykjavik_20200312_Illumina_1,epi_isl_416320_Shanghai_20200128_Illumina_1,epi_isl_419387_Lisbon_20200318_Nanopore_1,epi_isl_419708_Virginia_20200312_Illumina_1,epi_isl_417374_Washington_20200315_Illumina_2,epi_isl_419981_Victoria_20200322_Illumina_1,epi_isl_402123_Hubei_20191224_null_3304,((epi_isl_418691_England_20200317_Illumina_1,epi_isl_418117_Wales_20200314_Illumina_5)Node52,epi_isl_416367_Shanghai_20200201_Illumina_1)Node51,epi_isl_418228_Hauts_de_France_20200312_Illumina_1,epi_isl_417130_Washington_20200305_Illumina_2,epi_isl_416458_Hawali_20200302_Illumina_1,epi_isl_417873_Reykjavik_20200310_Illumina_1,epi_isl_417850_Reykjavik_20200305_Illumina_2,epi_isl_419896_Victoria_20200319_Illumina_1,epi_isl_416384_Shanghai_20200204_Illumina_1,epi_isl_416441_Washington_20200310_Illumina_1,epi_isl_413221_Scotland_20200302_Nanopore_1,epi_isl_419244_Hong_Kong_20200222_Nanopore_1,epi_isl_418164_Wales_20200317_Illumina_1,epi_isl_413852_Guangdong_20200130_metagenomics_BGI_1,epi_isl_416345_Shanghai_20200204_Illumina_1,epi_isl_419185_ARA_20200322_Illumina_1,epi_isl_419572_Luxembourg_20200310_Illumina_1,epi_isl_418009_Portugal_20200315_Illumina_1,epi_isl_417245_England_20200302_Illumina_1,epi_isl_420022_Virginia_20200322_Illumina_1,epi_isl_417969_Madrid_20200309_Ion_1,epi_isl_418645_Li_ge_20200321_Nanopore_3,epi_isl_419693_Belarus_2020_03_Illumina_1,epi_isl_416538_Wellington_20200315_Nanopore_26,epi_isl_402120_Hubei_20200101_null_1,epi_isl_419735_Victoria_20200224_Illumina_1,epi_isl_417697_Reykjavik_20200304_Illumina_1,epi_isl_417547_Reykjavik_20200317_Illumina_1)"
}