{
 "L": 0.02194821278607227,
 "map": [
  0,
  1,
  2,
  3,
  4,
  5,
  6,
  7,
  8,
  9,
  10,
  11,
  12,
  13,
  14,
  15,
  16,
  17,
  18,
  19,
  20,
  21,
  22,
  23,
  24,
  25,
  26,
  27,
  28,
  29,
  30,
  31,
  32,
  33,
  34,
  35,
  36,
  37,
  38,
  39,
  40,
  41,
  42,
  43,
  44,
  45,
  46,
  47,
  48,
  49,
  50,
  51,
  52,
  53,
  54,
  55,
  56,
  57,
  58,
  59,
  60,
  61,
  62,
  63,
  64,
  65,
  66,
  67,
  68,
  69,
  70,
  71,
  72,
  73,
  74,
  75,
  76,
  77,
  78,
  79,
  80,
  81,
  82,
  83,
  84,
  85,
  86,
  87,
  88,
  89,
  90,
  91,
  92,
  93,
  94,
  95,
  96,
  97,
  98,
  99,
  100,
  101,
  102,
  103,
  104,
  105,
  106,
  107,
  108,
  109,
  110,
  111,
  112,
  113,
  114,
  115,
  116,
  117,
  118,
  119,
  120
 ],
 "p": 0.1,
 "selection": {
  "113": {
   "composition": {
    "-": 1,
    "I": 2,
    "V": 49
   },
   "fel": 0.09008328638756602,
   "kind": "positive",
   "labels": {
    "Node1": [
     "V",
     "GTT",
     0,
     0
    ],
    "Node11": [
     "V",
     "GTT",
     0,
     0
    ],
    "Node13": [
     "V",
     "GTT",
     0,
     0
    ],
    "Node14": [
     "I",
     "ATT",
     1,
     0
    ],
    "Node18": [
     "V",
     "GTT",
     0,
     0
    ],
    "Node2": [
     "V",
     "GTT",
     0,
     0
    ],
    "Node20": [
     "V",
     "GTT",
     0,
     0
    ],
    "Node21": [
     "V",
     "GTT",
     0,
     0
    ],
    "Node22": [
     "V",
     "GTT",
     0,
     0
    ],
    "Node23": [
     "V",
     "GTT",
     0,
     0
    ],
    "Node24": [
     "V",
     "GTT",
     0,
     0
    ],
    "Node27": [
     "V",
     "GTT",
     0,
     0
    ],
    "Node28": [
     "V",
     "GTT",
     0,
     0
    ],
    "Node29": [
     "V",
     "GTT",
     0,
     0
    ],
    "Node3": [
     "V",
     "GTT",
     0,
     0
    ],
    "Node30": [
     "V",
     "GTT",
     0,
     0
    ],
    "Node34": [
     "V",
     "GTT",
     0,
     0
    ],
    "Node36": [
     "V",
     "GTT",
     0,
     0
    ],
    "Node39": [
     "V",
     "GTT",
     0,
     0
    ],
    "Node45": [
     "V",
     "GTT",
     0,
     0
    ],
    "Node45_1": [
     "V",
     "GTT",
     0,
     0
    ],
    "Node46": [
     "V",
     "GTT",
     0,
     0
    ],
    "Node49": [
     "V",
     "GTT",
     0,
     0
    ],
    "Node7": [
     "V",
     "GTT",
     0,
     0
    ],
    "Node8": [
     "V",
     "GTT",
     0,
     0
    ],
    "epi_isl_402128_Hubei_20191230_MGISEQ_1470": [
     "V",
     "GTT",
     0,
     0
    ],
    "epi_isl_402129_Hubei_20191230_Illumina_1": [
     "V",
     "GTT",
     0,
     0
    ],
    "epi_isl_404253_Illinois_20200121_Sanger__444": [
     "V",
     "GTT",
     0,
     0
    ],
    "epi_isl_406534_Guangdong_20200122_null_15": [
     "V",
     "GTT",
     0,
     0
    ],
    "epi_isl_408668_Thanh_Hoa_20200124_Illumina_2": [
     "V",
     "GTT",
     0,
     0
    ],
    "epi_isl_412116_England_20200209_Illumina_1": [
     "V",
     "GTT",
     0,
     0
    ],
    "epi_isl_412900_Hubei_20191230_Illumina_1": [
     "V",
     "GTT",
     0,
     0
    ],
    "epi_isl_413873_Guangdong_20200228_multiplex_pcr_nanopore_2": [
     "V",
     "GTT",
     0,
     0
    ],
    "epi_isl_413894_Guangdong_20200228_multiplex_pcr_nanopore_1": [
     "V",
     "GTT",
     0,
     0
    ],
    "epi_isl_413928_California_20200305_Illumina_1": [
     "V",
     "GTT",
     0,
     0
    ],
    "epi_isl_414363_Washington_20200304_Illumina_3": [
     "V",
     "GTT",
     0,
     0
    ],
    "epi_isl_414934_Shandong_20200121_null_1": [
     "V",
     "GTT",
     0,
     0
    ],
    "epi_isl_415538_Wales_20200312_Nanopore_1": [
     "V",
     "GTT",
     0,
     0
    ],
    "epi_isl_416349_Shanghai_20200130_Illumina_4": [
     "V",
     "GTT",
     0,
     0
    ],
    "epi_isl_416411_Victoria_20200125_Ilumina_2": [
     "I",
     "ATT",
     0,
     0
    ],
    "epi_isl_416521_Saudi_Arabia_20200310_Illumina_2": [
     "V",
     "GTT",
     0,
     0
    ],
    "epi_isl_416666_Washington_20200312_Illumina_3": [
     "V",
     "GTT",
     0,
     0
    ],
    "epi_isl_416684_Washington_20200314_Illumina_2": [
     "V",
     "GTT",
     0,
     0
    ],
    "epi_isl_417281_England_20200306_Illumina_1": [
     "V",
     "GTT",
     0,
     0
    ],
    "epi_isl_417314_England_20200310_Illumina_1": [
     "V",
     "GTT",
     0,
     0
    ],
    "epi_isl_417324_California_20200304_Illumina_1": [
     "V",
     "GTT",
     0,
     0
    ],
    "epi_isl_417332_California_20200314_Illumina_1": [
     "V",
     "GTT",
     0,
     0
    ],
    "epi_isl_417422_Dilbeek_20200304_Nanopore_2": [
     "V",
     "GTT",
     0,
     0
    ],
    "epi_isl_417440_Kinshasa_20200317_Illumina_5": [
     "V",
     "GTT",
     0,
     0
    ],
    "epi_isl_417529_Luxembourg_20200318_Illumina_2": [
     "V",
     "GTT",
     0,
     0
    ],
    "epi_isl_417773_Reykjavik_20200303_Illumina_1": [
     "V",
     "GTT",
     0,
     0
    ],
    "epi_isl_417850_Reykjavik_20200305_Illumina_1": [
     "-",
     "---",
     0,
     0
    ]
   },
   "meme": 0.090839006339266,
   "meme-branches": 1,
   "meme-fraction": 0.3700907064721718,
   "prime": [],
   "substitutions": [
    0,
    1
   ],
   "timing": {
    "-": {
     "20200305": 1
    },
    "I": {
     "20200125": 1,
     "20200305": 1
    },
    "V": {
     "20191226": 1,
     "20191230": 9,
     "20191231": 1,
     "20200101": 2,
     "20200102": 2,
     "20200105": 1,
     "20200108": 3,
     "20200110": 1,
     "20200111": 1,
     "20200113": 4,
     "20200114": 1,
     "20200115": 4,
     "20200116": 3,
     "20200117": 4,
     "20200118": 5,
     "20200119": 4,
     "20200120": 3,
     "20200121": 8,
     "20200122": 12,
     "20200123": 12,
     "20200124": 10,
     "20200125": 17,
     "20200126": 3,
     "20200127": 4,
     "20200128": 14,
     "20200129": 19,
     "20200130": 27,
     "20200131": 11,
     "20200201": 27,
     "20200202": 20,
     "20200203": 6,
     "20200204": 10,
     "20200205": 19,
     "20200206": 10,
     "20200207": 10,
     "20200208": 13,
     "20200209": 15,
     "20200210": 9,
     "20200211": 3,
     "20200212": 3,
     "20200213": 1,
     "20200214": 1,
     "20200215": 16,
     "20200216": 2,
     "20200217": 37,
     "20200218": 7,
     "20200219": 2,
     "20200220": 12,
     "20200221": 6,
     "20200222": 1,
     "20200223": 2,
     "20200224": 10,
     "20200225": 17,
     "20200226": 14,
     "20200227": 38,
     "20200228": 50,
     "20200229": 52,
     "20200301": 58,
     "20200302": 92,
     "20200303": 101,
     "20200304": 91,
     "20200305": 90,
     "20200306": 73,
     "20200307": 41,
     "20200308": 64,
     "20200309": 76,
     "20200310": 78,
     "20200311": 81,
     "20200312": 66,
     "20200313": 100,
     "20200314": 66,
     "20200315": 40,
     "20200316": 62,
     "20200317": 75,
     "20200318": 50,
     "20200320": 4,
     "20200321": 6,
     "20200326": 13
    }
   }
  },
  "120": {
   "composition": {
    "-": 2,
    "I": 48,
    "S": 2
   },
   "fel": 0.03381624533717353,
   "kind": "positive",
   "labels": {
    "Node1": [
     "I",
     "ATC",
     0,
     0
    ],
    "Node11": [
     "I",
     "ATC",
     0,
     0
    ],
    "Node13": [
     "I",
     "ATC",
     0,
     0
    ],
    "Node14": [
     "I",
     "ATC",
     0,
     0
    ],
    "Node18": [
     "I",
     "ATC",
     0,
     0
    ],
    "Node2": [
     "I",
     "ATC",
     0,
     0
    ],
    "Node20": [
     "I",
     "ATC",
     0,
     0
    ],
    "Node21": [
     "I",
     "ATC",
     0,
     0
    ],
    "Node22": [
     "I",
     "ATC",
     0,
     0
    ],
    "Node23": [
     "I",
     "ATC",
     0,
     0
    ],
    "Node24": [
     "I",
     "ATC",
     0,
     0
    ],
    "Node27": [
     "I",
     "ATC",
     0,
     0
    ],
    "Node28": [
     "I",
     "ATC",
     0,
     0
    ],
    "Node29": [
     "I",
     "ATC",
     0,
     0
    ],