{
 "L": 0.003509492980103779,
 "map": [
  0,
  1,
  2,
  3,
  4,
  5,
  6,
  7,
  8,
  9,
  10,
  11,
  12,
  13,
  14,
  15,
  16,
  17,
  18,
  19,
  20,
  21,
  22,
  23,
  24,
  25,
  26,
  27,
  28,
  29,
  30,
  31,
  32,
  33,
  34,
  35,
  36,
  37,
  38,
  39,
  40,
  41,
  42,
  43,
  44,
  45,
  46,
  47,
  48,
  49,
  50,
  51,
  52,
  53,
  54,
  55,
  56,
  57,
  58,
  59,
  60,
  61,
  62,
  63,
  64,
  65,
  66,
  67,
  68,
  69,
  70,
  71,
  72,
  73,
  74,
  75,
  76,
  77,
  78,
  79,
  80,
  81,
  82,
  83,
  84,
  85,
  86,
  87,
  88,
  89,
  90,
  91,
  92,
  93,
  94,
  95,
  96,
  97,
  98,
  99,
  100,
  101,
  102,
  103,
  104,
  105,
  106,
  107,
  108,
  109,
  110,
  111,
  112,
  113,
  114,
  115,
  116,
  117,
  118,
  119,
  120
 ],
 "p": 0.1,
 "selection": {
  "44": {
   "composition": {
    "-": 1,
    "L": 2,
    "P": 45
   },
   "fel": 0.001763099330989726,
   "kind": "positive",
   "labels": {
    "Node13": [
     "P",
     "CCA",
     0,
     0
    ],
    "Node14": [
     "P",
     "CCA",
     0,
     0
    ],
    "Node15": [
     "P",
     "CCA",
     0,
     0
    ],
    "Node16": [
     "P",
     "CCA",
     0,
     0
    ],
    "Node2": [
     "P",
     "CCA",
     1,
     0
    ],
    "Node20": [
     "P",
     "CCA",
     0,
     0
    ],
    "Node23": [
     "P",
     "CCA",
     0,
     0
    ],
    "Node24": [
     "P",
     "CCA",
     0,
     0
    ],
    "Node27": [
     "P",
     "CCA",
     0,
     0
    ],
    "Node30": [
     "P",
     "CCA",
     0,
     0
    ],
    "Node31": [
     "P",
     "CCA",
     0,
     0
    ],
    "Node34": [
     "P",
     "CCA",
     0,
     0
    ],
    "Node35": [
     "P",
     "CCA",
     0,
     0
    ],
    "Node38": [
     "P",
     "CCA",
     0,
     0
    ],
    "Node4": [
     "P",
     "CCA",
     0,
     0
    ],
    "Node41": [
     "P",
     "CCA",
     0,
     0
    ],
    "Node43": [
     "P",
     "CCA",
     0,
     0
    ],
    "Node47": [
     "L",
     "CTA",
     0,
     0
    ],
    "Node5": [
     "P",
     "CCA",
     0,
     0
    ],
    "Node6": [
     "P",
     "CCA",
     0,
     0
    ],
    "Node7": [
     "P",
     "CCA",
     0,
     0
    ],
    "Node8": [
     "P",
     "CCA",
     0,
     0
    ],
    "Node9": [
     "P",
     "CCA",
     0,
     0
    ],
    "epi_isl_402128_Hubei_20191230_MGISEQ_1861": [
     "P",
     "CCA",
     0,
     0
    ],
    "epi_isl_402129_Hubei_20191230_Illumina_1": [
     "P",
     "CCA",
     0,
     0
    ],
    "epi_isl_408488_Jiangsu_20200119_Illumina_1": [
     "P",
     "CCA",
     0,
     0
    ],
    "epi_isl_408668_Thanh_Hoa_20200124_Illumina_2": [
     "P",
     "CCA",
     0,
     0
    ],
    "epi_isl_413214_New_South_Wales_20200229_Illumina_6": [
     "P",
     "CCA",
     0,
     0
    ],
    "epi_isl_413486_Washington_20200301_Illumina_1": [
     "P",
     "CCA",
     0,
     0
    ],
    "epi_isl_413875_Guangdong_20200210_multiplex_pcr_nanopore_1": [
     "-",
     "---",
     0,
     0
    ],
    "epi_isl_416325_Shanghai_20200202_Illumina_1": [
     "P",
     "CCA",
     0,
     0
    ],
    "epi_isl_416354_Shanghai_20200204_Illumina_1": [
     "P",
     "CCA",
     0,
     0
    ],
    "epi_isl_416375_Shanghai_20200201_Illumina_1": [
     "P",
     "CCA",
     0,
     0
    ],
    "epi_isl_416396_Shanghai_20200210_Illumina_1": [
     "P",
     "CCA",
     0,
     0
    ],
    "epi_isl_416401_Shanghai_20200202_Illumina_1": [
     "P",
     "CCA",
     0,
     0
    ],
    "epi_isl_416432_Riyadh_20200307_null_1": [
     "P",
     "CCA",
     0,
     0
    ],
    "epi_isl_416446_Washington_20200310_Illumina_1": [
     "P",
     "CCA",
     0,
     0
    ],
    "epi_isl_416565_unknown_20200215_Illumina_3": [
     "P",
     "CCA",
     0,
     0
    ],
    "epi_isl_416700_Washington_20200313_Illumina_4": [
     "P",
     "CCA",
     0,
     0
    ],
    "epi_isl_417174_Washington_20200301_Illumina_1": [
     "P",
     "CCA",
     0,
     0
    ],
    "epi_isl_417379_Washington_20200315_Illumina_1": [
     "P",
     "CCA",
     0,
     0
    ],
    "epi_isl_417556_Reykjavik_20200317_Illumina_1": [
     "L",
     "CTA",
     0,
     0
    ],
    "epi_isl_417578_Reykjavik_20200317_Illumina_2": [
     "P",
     "CCA",
     0,
     0
    ],
    "epi_isl_417600_Reykjavik_20200317_Illumina_1": [
     "P",
     "CCA",
     0,
     0
    ],
    "epi_isl_417719_Reykjavik_20200313_Illumina_1": [
     "P",
     "CCA",
     0,
     0
    ],
    "epi_isl_417722_Reykjavik_20200311_Illumina_1": [
     "P",
     "CCA",
     0,
     0
    ],
    "epi_isl_417800_Reykjavik_20200302_Illumina_1": [
     "P",
     "CCA",
     0,
     0
    ],
    "epi_isl_417860_Reykjavik_20200308_Illumina_1": [
     "P",
     "CCA",
     0,
     0
    ]
   },
   "meme": 0.003129242135518795,
   "meme-branches": 1,
   "meme-fraction": 0.99999999,
   "prime": [],
   "substitutions": [
    0,
    1
   ],
   "timing": {
    "-": {
     "20200210": 1
    },
    "L": {
     "20200317": 1
    },
    "P": {
     "20191226": 1,
     "20191230": 9,
     "20191231": 1,
     "20200101": 2,
     "20200102": 2,
     "20200105": 1,
     "20200108": 3,
     "20200110": 1,
     "20200111": 1,
     "20200113": 4,
     "20200114": 1,
     "20200115": 4,
     "20200116": 3,
     "20200117": 4,
     "20200118": 5,
     "20200119": 4,
     "20200120": 3,
     "20200121": 8,
     "20200122": 12,
     "20200123": 12,
     "20200124": 10,
     "20200125": 18,
     "20200126": 3,
     "20200127": 4,
     "20200128": 14,
     "20200129": 18,
     "20200130": 22,
     "20200131": 11,
     "20200201": 21,
     "20200202": 17,
     "20200203": 5,
     "20200204": 10,
     "20200205": 17,
     "20200206": 10,
     "20200207": 8,
     "20200208": 13,
     "20200209": 13,
     "20200210": 7,
     "20200211": 2,
     "20200212": 3,
     "20200213": 1,
     "20200214": 1,
     "20200215": 16,
     "20200216": 2,
     "20200217": 37,
     "20200218": 7,
     "20200219": 2,
     "20200220": 12,
     "20200221": 6,
     "20200222": 1,
     "20200223": 2,
     "20200224": 10,
     "20200225": 15,
     "20200226": 11,
     "20200227": 36,
     "20200228": 40,
     "20200229": 52,
     "20200301": 55,
     "20200302": 91,
     "20200303": 97,
     "20200304": 82,
     "20200305": 88,
     "20200306": 74,
     "20200307": 40,
     "20200308": 61,
     "20200309": 78,
     "20200310": 76,
     "20200311": 75,
     "20200312": 67,
     "20200313": 103,
     "20200314": 61,
     "20200315": 40,
     "20200316": 61,
     "20200317": 73,
     "20200318": 50,
     "20200320": 4,
     "20200321": 6,
     "20200326": 13
    }
   }
  }
 },
 "sequences": 25,
 "sites": 121,