{
 "L": 0.0009368883771263175,
 "MAF": 0.2,
 "all variant sites": [
  {
   "GAA": 51,
   "GAG": 2,
   "GAT": 1
  }
 ],
 "aminoacid variant sites": [],
 "any variation": 47,
 "bl": {
  "Node31": 0.0009368883771263175,
  "epi_isl_402120_Hubei_20200101_null_1": 0.002812228406437388,
  "epi_isl_402123_Hubei_20191224_null_3476": 0,
  "epi_isl_408482_Shandong_20200119_Illumina_1": 0.002819212470749339,
  "epi_isl_408487_Henan_20200120_Illumina_1": 0.002812228406382317,
  "epi_isl_413021_Zurich_20200229_Illumina_2": 0.002809261772246763,
  "epi_isl_413221_Scotland_20200302_Nanopore_1": 0.00281222840643095,
  "epi_isl_413852_Guangdong_20200130_metagenomics_BGI_1": 0,
  "epi_isl_415610_Washington_20200308_Illumina_1": 0,
  "epi_isl_416320_Shanghai_20200128_Illumina_1": 0.002809261779413199,
  "epi_isl_416345_Shanghai_20200204_Illumina_1": 0.005640975610209564,
  "epi_isl_416367_Shanghai_20200201_Illumina_1": 0.002809955721721838,
  "epi_isl_416384_Shanghai_20200204_Illumina_1": 0.002812180449274674,
  "epi_isl_416392_Shanghai_20200202_Illumina_1": 0.002818486811527717,
  "epi_isl_416425_Hangzhou_20200203_Novaseq_1": 0.002819212470749339,
  "epi_isl_416441_Washington_20200310_Illumina_1": 0.00281222840643095,
  "epi_isl_416458_Hawali_20200302_Illumina_1": 0.002812911245583663,
  "epi_isl_416538_Wellington_20200315_Nanopore_26": 0.002812228406382462,
  "epi_isl_416695_Washington_20200313_Illumina_6": 0.00280975118962581,
  "epi_isl_417130_Washington_20200305_Illumina_2": 0.002812228406375873,
  "epi_isl_417245_England_20200302_Illumina_1": 0,
  "epi_isl_417253_England_20200303_Illumina_1": 0,
  "epi_isl_417374_Washington_20200315_Illumina_2": 0.002809089781929587,
  "epi_isl_417547_Reykjavik_20200317_Illumina_1": 0.002812228406382317,
  "epi_isl_417567_Reykjavik_20200317_Illumina_2": 0.002812658151116401,
  "epi_isl_417584_Reykjavik_20200317_Illumina_2": 0.002812228406431915,
  "epi_isl_417697_Reykjavik_20200304_Illumina_1": 0.002812228406289227,
  "epi_isl_417706_Reykjavik_20200316_Illumina_2": 0.00281222839922903,
  "epi_isl_417787_Reykjavik_20200312_Illumina_1": 0.002809261782337976,
  "epi_isl_417850_Reykjavik_20200305_Illumina_2": 0.002812911246506952,
  "epi_isl_417873_Reykjavik_20200310_Illumina_1": 0.002812228406382317,
  "epi_isl_417969_Madrid_20200309_Ion_1": 0.002809261789563497,
  "epi_isl_418009_Portugal_20200315_Illumina_1": 0.002812911252666733,
  "epi_isl_418117_Wales_20200314_Illumina_5": 0,
  "epi_isl_418164_Wales_20200317_Illumina_1": 0.005644244650713108,
  "epi_isl_418228_Hauts_de_France_20200312_Illumina_1": 0.002812228406382317,
  "epi_isl_418645_Li_ge_20200321_Nanopore_3": 0.002812228406382317,
  "epi_isl_418691_England_20200317_Illumina_1": 0,
  "epi_isl_418712_England_20200316_Illumina_3": 0.002812228399283276,
  "epi_isl_418731_England_20200313_Illumina_1": 0,
  "epi_isl_419185_ARA_20200322_Illumina_1": 0.002809261782397052,
  "epi_isl_419244_Hong_Kong_20200222_Nanopore_1": 0.002812228406382317,
  "epi_isl_419387_Lisbon_20200318_Nanopore_1": 0.002813186433036858,
  "epi_isl_419572_Luxembourg_20200310_Illumina_1": 0,
  "epi_isl_419592_Luxembourg_20200315_Illumina_1": 0,
  "epi_isl_419693_Belarus_2020_03_Illumina_1": 0.002809261779410985,
  "epi_isl_419708_Virginia_20200312_Illumina_1": 0.003182232096517154,
  "epi_isl_419735_Victoria_20200224_Illumina_1": 0,
  "epi_isl_419896_Victoria_20200319_Illumina_1": 0.002809261782397052,
  "epi_isl_419981_Victoria_20200322_Illumina_1": 0.002812180451235322,
  "epi_isl_420022_Virginia_20200322_Illumina_1": 0.00280975118962581,
  "epi_isl_420154_South_Yorkshire_20200330_Nanopore_4": 0.002812228409363826,
  "epi_isl_420189_South_Yorkshire_20200327_Nanopore_1": 0.002812911252264445,
  "epi_isl_420200_South_Yorkshire_20200329_Nanopore_1": 0.002812228406375873,
  "epi_isl_420221_South_Yorkshire_20200329_Nanopore_1": 0.002812228406375873
 },
 "dN/dS": {
  "internal": [
   [
    0,
    1
   ]
  ],
  "leaves": [
   [
    0.844862073721931,
    1
   ]
  ]
 },
 "map": [
  0,
  1,
  2,
  3,
  4,
  5,
  6,
  7,
  8,
  9,
  10,
  11,
  12,
  13,
  14,
  15,
  16,
  17,
  18,
  19,
  20,
  21,
  22,
  23,
  24,
  25,
  26,
  27,
  28,
  29,
  30,
  31,
  32,
  33,
  34,
  35,
  36,
  37,
  38,
  39,
  40,
  41,
  42,
  43,
  44,
  45,
  46,
  47,
  48,
  49,
  50,
  51,
  52,
  53,
  54,
  55,
  56,
  57,
  58,
  59,
  60,
  61,
  62,
  63,
  64,
  65,
  66,
  67,
  68,
  69,
  70,
  71,
  72,
  73,
  74,
  75,
  76,
  77,
  78,
  79,
  80,
  81,
  82,
  83,
  84,
  85,
  86,
  87,
  88,
  89,
  90,
  91,
  92,
  93,
  94,
  95,
  96,
  97,
  98,
  99,
  100,
  101,
  102,
  103,
  104,
  105,
  106,
  107,
  108,
  109,
  110,
  111,
  112,
  113,
  114,
  115,
  116,
  117,
  118,
  119,
  120
 ],
 "p": 0.1,
 "selection": {},
 "sequences": 54,
 "sites": 121,
 "total sequences": 3577,
 "tree": "(epi_isl_420154_South_Yorkshire_20200330_Nanopore_4,epi_isl_416441_Washington_20200310_Illumina_1,epi_isl_419693_Belarus_2020_03_Illumina_1,epi_isl_416320_Shanghai_20200128_Illumina_1,epi_isl_417873_Reykjavik_20200310_Illumina_1,epi_isl_419244_Hong_Kong_20200222_Nanopore_1,epi_isl_420022_Virginia_20200322_Illumina_1,epi_isl_416384_Shanghai_20200204_Illumina_1,epi_isl_417253_England_20200303_Illumina_1,epi_isl_408487_Henan_20200120_Illumina_1,epi_isl_417130_Washington_20200305_Illumina_2,epi_isl_416695_Washington_20200313_Illumina_6,(epi_isl_416367_Shanghai_20200201_Illumina_1,epi_isl_418117_Wales_20200314_Illumina_5,epi_isl_418691_England_20200317_Illumina_1)Node31,epi_isl_416458_Hawali_20200302_Illumina_1,epi_isl_413852_Guangdong_20200130_metagenomics_BGI_1,epi_isl_418731_England_20200313_Illumina_1,epi_isl_416392_Shanghai_20200202_Illumina_1,epi_isl_402123_Hubei_20191224_null_3476,epi_isl_419572_Luxembourg_20200310_Illumina_1,epi_isl_417374_Washington_20200315_Illumina_2,epi_isl_419708_Virginia_20200312_Illumina_1,epi_isl_419592_Luxembourg_20200315_Illumina_1,epi_isl_413221_Scotland_20200302_Nanopore_1,epi_isl_419896_Victoria_20200319_Illumina_1,epi_isl_417245_England_20200302_Illumina_1,epi_isl_420221_South_Yorkshire_20200329_Nanopore_1,epi_isl_419185_ARA_20200322_Illumina_1,epi_isl_419981_Victoria_20200322_Illumina_1,epi_isl_419387_Lisbon_20200318_Nanopore_1,epi_isl_417969_Madrid_20200309_Ion_1,epi_isl_419735_Victoria_20200224_Illumina_1,epi_isl_418712_England_20200316_Illumina_3,epi_isl_416345_Shanghai_20200204_Illumina_1,epi_isl_417547_Reykjavik_20200317_Illumina_1,epi_isl_417787_Reykjavik_20200312_Illumina_1,epi_isl_415610_Washington_20200308_Illumina_1,epi_isl_417697_Reykjavik_20200304_Illumina_1,epi_isl_408482_Shandong_20200119_Illumina_1,epi_isl_417850_Reykjavik_20200305_Illumina_2,epi_isl_417706_Reykjavik_20200316_Illumina_2,epi_isl_420200_South_Yorkshire_20200329_Nanopore_1,epi_isl_418009_Portugal_20200315_Illumina_1,epi_isl_418164_Wales_20200317_Illumina_1,epi_isl_413021_Zurich_20200229_Illumina_2,epi_isl_418228_Hauts_de_France_20200312_Illumina_1,epi_isl_402120_Hubei_20200101_null_1,epi_isl_417567_Reykjavik_20200317_Illumina_2,epi_isl_417584_Reykjavik_20200317_Illumina_2,epi_isl_418645_Li_ge_20200321_Nanopore_3,epi_isl_420189_South_Yorkshire_20200327_Nanopore_1,epi_isl_416538_Wellington_20200315_Nanopore_26,epi_isl_416425_Hangzhou_20200203_Novaseq_1)"
}