{"sequences":126,"bl":{"Node111":0.002938042701714126,"Node144":0.00293770222831778,"Node145":0.002932938080728134,"Node16":0.002941605222904428,"Node173":0.002939289653721672,"Node206":0.002940355659097262,"Node22":0.00293903155387782,"Node231":0.002938275068374678,"Node46":0.0029377975559167,"Node84":0.002939319954245989,"Node87":0.002938225118029038,"epi_isl_413221_Scotland_20200302_null_1":0.00294228090984015,"epi_isl_413890_Guangdong_20200228_null_1":0.002937494620605133,"epi_isl_415654_Hauts_de_France_20200309_null_1":0.002937456663611167,"epi_isl_415710_Saint_Petersburg_20200315_null_1":0.003027733660340389,"epi_isl_416502_Bretagne_20200226_null_1":0.002942015391664059,"epi_isl_416566_unknown_20200215_null_1":0.002937453486043237,"epi_isl_417176_Hong_Kong_20200121_null_1":0.002937270919999338,"epi_isl_420329_Riemst_20200305_null_1":0.002937454335389196,"epi_isl_420423_Soignies_20200325_null_1":0.002942463700375488,"epi_isl_422125_Wales_20200328_null_1":0.002940259102162493,"epi_isl_422349_Wales_20200324_null_2":0.002938001800181339,"epi_isl_422635_Zuid_Holland_20200331_null_1":0.002941027256520444,"epi_isl_423819_England_20200323_null_2":0.002961378026827644,"epi_isl_427168_Idaho_20200329_null_1":0.002942014583533747,"epi_isl_427776_New_South_Wales_20200323_null_1":0.002937456668290999,"epi_isl_428353_Hauts_De_France_20200324_null_4":0.002937274088124716,"epi_isl_428485_Karnataka_20200412_null_1":0.002942707720604503,"epi_isl_429071_California_20200328_null_5":0.002945613879106734,"epi_isl_430342_New_York_20200330_null_2":0.002941027256520444,"epi_isl_430738_Beijing_20200205_null_1":0.002936537127278328,"epi_isl_432003_Wales_20200401_null_1":0.002937274079338223,"epi_isl_432392_Wales_20200408_null_2":0.002939656855589902,"epi_isl_432723_England_20200407_null_1":0.002937270904229977,"epi_isl_433271_Scotland_20200409_null_18":0.002938951287994707,"epi_isl_433381_Scotland_20200406_null_3":0.00294313714027197,"epi_isl_433684_England_20200401_null_1":0.002937456668290999,"epi_isl_433838_England_20200101_null_1":0.002940242391795717,"epi_isl_434536_Costa_Rica_20200317_null_1":0.0089091948580612,"epi_isl_434675_Stockholm_20200420_null_1":0,"epi_isl_434720_Texas_20200315_null_1":0.002961378014127468,"epi_isl_435059_EC_20200320_null_1":0.008859552226530948,"epi_isl_435554_Louisiana_20200425_null_3":0.002936550440882936,"epi_isl_436052_New_York_20200309_null_1":0.002941027303211623,"epi_isl_436514_Florida_20200406_null_1":0.002937456663611167,"epi_isl_436568_Wisconsin_20200331_null_1":0.002937820905911926,"epi_isl_436654_California_20200407_null_1":0.002964816333245955,"epi_isl_437331_Ankara_20200325_null_1":0.002941027256520444,"epi_isl_437651_Unknown_20200404_null_1":0.002941027303211623,"epi_isl_437976_Ischgl_20200311_null_4":0.00294575260957896,"epi_isl_438104_Vienna_20200325_null_46":0.002939376872804056,"epi_isl_438715_England_20200425_null_3":0.002934010230954484,"epi_isl_438781_Scotland_20200331_null_2":0.002937638371951341,"epi_isl_439687_England_20200407_null_1":0.002938199549286911,"epi_isl_440722_England_20200405_null_1":0.002941614168919635,"epi_isl_441735_England_20200405_null_1":0.002940058959544828,"epi_isl_442349_England_20200326_null_1":0.002941980331599238,"epi_isl_442638_England_20200406_null_1":0.002943138856944324,"epi_isl_442717_England_20200405_null_3":0.002939892072206452,"epi_isl_443415_England_20200414_null_5":0.002941980331599238,"epi_isl_443456_England_20200414_null_2":0.002941795780902558,"epi_isl_443742_England_20200325_null_1":0.002941968807101966,"epi_isl_444102_England_20200406_null_1":0.002938348737801886,"epi_isl_444125_England_20200408_null_1":0,"epi_isl_444387_England_20200428_null_1":0.002939384942015056,"epi_isl_444389_England_20200428_null_2":0,"epi_isl_444663_New_York_20200331_null_4":0.002940349955895122,"epi_isl_444742_New_Jersey_20200402_null_1":0.002938496061425769,"epi_isl_445024_Florida_20200430_null_1":0.00294103065996195,"epi_isl_445789_Wales_20200328_null_4":0.002940656054687005,"epi_isl_446062_Wales_20200409_null_6":0.002940566264154619,"epi_isl_446198_Wales_20200406_null_4":0.002940058959579411,"epi_isl_446211_Wales_20200406_null_1":0.002938351857874183,"epi_isl_446794_Wales_20200421_null_9":0.002940566311969196,"epi_isl_446852_Wales_20200418_null_8":0.002945613879106734,"epi_isl_447030_Gujarat_20200503_null_1":0.002941610698981999,"epi_isl_447245_Kinshasa_20200424_null_6":0.002940537015655872,"epi_isl_447254_Taipei_20200316_null_1":0.002941484074666885,"epi_isl_447506_Comunitat_Valenciana_20200330_null_1":0.002940537015635005,"epi_isl_447817_Cordoba_20200409_null_1":0,"epi_isl_447836_Athens_20200316_null_4":0.002940566265175071,"epi_isl_447938_England_20200428_null_2":0.002941976900192582,"epi_isl_447941_England_20200501_null_1":0.002937536785724398,"epi_isl_448105_England_20200101_null_1":0.00293830915427435,"epi_isl_448954_Northern_Ireland_20200324_null_3":0.002942123672314695,"epi_isl_449123_England_20200408_null_3":0.002939712714018806,"epi_isl_449197_Scotland_20200422_null_1":0,"epi_isl_449298_Scotland_20200424_null_3":0.002940566264154619,"epi_isl_449573_England_20200401_null_1":0.00294056626415549,"epi_isl_449701_England_20200415_null_9":0.002940567966861685,"epi_isl_449705_England_20200416_null_2":0.00293819955405362,"epi_isl_449901_Washington_20200411_null_52":0,"epi_isl_450177_Louisiana_20200407_null_2":0.002938114887332631,"epi_isl_450761_Minnesota_20200330_null_3":0.002940566264154619,"epi_isl_450849_Florida_20200409_null_2":0.002938117217028528,"epi_isl_451146_South_Australia_20200310_null_1":0.002940537015655872,"epi_isl_451150_Gujarat_20200506_null_8":0.002941027256520444,"epi_isl_451382_Sichuan_20200125_null_6":0.002940659447246101,"epi_isl_451554_New_South_Wales_20200402_null_4":0.002940352469018648,"epi_isl_452043_Denmark_20200414_null_2":0.002937013426431684,"epi_isl_452055_Denmark_20200414_null_36":0.00294065610157338,"epi_isl_452128_Colorado_20200308_null_4":0.002938309154192993,"epi_isl_452164_Utah_20200415_null_6":0.002938309154192993,"epi_isl_452218_Frankfurt_20200302_null_2":0.002943135018439578,"epi_isl_452372_Andalusia_20200328_null_1":0.002937271435698831,"epi_isl_452520_Navarra_20200314_null_2":0,"epi_isl_452588_Andalusia_20200329_null_1":0.002941906418289066,"epi_isl_452601_Andalusia_20200327_null_11":0,"epi_isl_452988_England_20200514_null_2":0.002941656664231243,"epi_isl_453206_England_20200416_null_4":0.002940269294110352,"epi_isl_453406_England_20200409_null_104":0.0029406561015725,"epi_isl_453453_England_20200502_null_1":0.0029406561015725,"epi_isl_453480_Northern_Ireland_20200323_null_5":0.002940566311969196,"epi_isl_453496_England_20200326_null_2":0.00293811402847499,"epi_isl_453599_England_20200422_null_6":0,"epi_isl_453773_England_20200421_null_14":0,"epi_isl_453990_Portugal_20200405_null_11":0.002939197457835874,"epi_isl_454204_Portugal_20200327_null_13":0.002939710991155871,"epi_isl_454219_Portugal_20200430_null_1":0.002937456668290999,"epi_isl_454236_Portugal_20200320_null_3":0.00294084504948191,"epi_isl_454259_Portugal_20200407_null_13":0.002940566311969196,"epi_isl_454306_Portugal_20200327_null_1":0.002937088657421911,"epi_isl_454322_Portugal_20200328_null_14":0.002941546788636657,"epi_isl_454382_Pennsylvania_20200331_null_17":0.002940566264154619,"epi_isl_454539_Maharashtra_20200412_null_1":0.002940394520492425,"epi_isl_454541_Maharashtra_20200330_null_1":0.002942878150639053,"epi_isl_454776_Utrecht_20200402_null_40":0.00294056626415549,"epi_isl_454952_Hubei_20200219_null_1":0.002965332441928198,"epi_isl_455200_Netherlands_20200403_null_4":0.002940569629705401,"epi_isl_455270_Netherlands_20200413_null_112":0,"epi_isl_455398_Hubei_20200315_null_1":0.002966685167297523,"epi_isl_455400_Hubei_20200302_null_16":0.002940569629705401,"epi_isl_455404_Hubei_20200302_null_1":0.002942120283960883,"epi_isl_455574_Wisconsin_20200510_null_1":0.00293830915427435,"epi_isl_455611_Los_Angeles_20200406_null_33825":0,