{"sequences": 7, "sites": 61, "tree": "((epi_isl_402128_Hubei_20191230_MGISEQ_1290:1e-06,(epi_isl_416641_Washington_20200311_Illumina_1:0.00546,(epi_isl_415613_Washington_20200309_Illumina_6:0.005473,(epi_isl_415152_Panama_City_20200306_Illumina_11:1e-06,epi_isl_413855_Guangdong_20200207_metagenomics_BGI_2:0.011228)Node7:0.005467)Node5:1e-06)Node3:1e-06)Node1:1e-06,epi_isl_415699_Switzerland_20200227_null_1:0.005473,epi_isl_416625_unknown_20200217_Illumina_1:0.005473)", "L": 0.001820209501715365, "p": 0.1, "selection": {"60": {"fel": 0.03880623626171886, "kind": "negative", "meme": 0.6666666666666666, "meme-fraction": 0.2179221700190414, "meme-branches": 0, "substitutions": [1, 0], "composition": {"D": 11, "-": 1}, "labels": {"Node1": ["D", "GAT", 0, 0], "Node11": ["D", "GAT", 0, 0], "Node3": ["D", "GAT", 0, 0], "Node5": ["D", "GAT", 0, 0], "Node7": ["D", "GAC", 0, 1], "epi_isl_402128_Hubei_20191230_MGISEQ_1290": ["D", "GAT", 0, 0], "epi_isl_413855_Guangdong_20200207_metagenomics_BGI_2": ["-", "---", 0, 0], "epi_isl_415152_Panama_City_20200306_Illumina_11": ["D", "GAC", 0, 0], "epi_isl_415613_Washington_20200309_Illumina_6": ["D", "GAT", 0, 0], "epi_isl_415699_Switzerland_20200227_null_1": ["D", "GAT", 0, 0], "epi_isl_416625_unknown_20200217_Illumina_1": ["D", "GAT", 0, 0], "epi_isl_416641_Washington_20200311_Illumina_1": ["D", "GAT", 0, 0]}, "prime": []}}, "map": [0, 1, 2, 3, 4, 5, 6, 7, 8, 9, 10, 11, 12, 13, 14, 15, 16, 17, 18, 19, 20, 21, 22, 23, 24, 25, 26, 27, 28, 29, 30, 31, 32, 33, 34, 35, 36, 37, 38, 39, 40, 41, 42, 43, 44, 45, 46, 47, 48, 49, 50, 51, 52, 53, 54, 55, 56, 57, 58, 59, 60]}