{"sequences": 17, "sites": 121, "tree": "((((epi_isl_416401_Shanghai_20200202_Illumina_1:0.002755,epi_isl_416432_Riyadh_20200307_null_1:0.002757)Node3:1e-06,((epi_isl_416396_Shanghai_20200210_Illumina_1:1e-06,epi_isl_413875_Guangdong_20200210_multiplex_pcr_nanopore_1:0.009473000000000001)Node7:0.002757,epi_isl_413486_Washington_20200301_Illumina_1:0.002754)Node6:1e-06)Node2:1e-06,((epi_isl_416325_Shanghai_20200202_Illumina_1:0.002751,epi_isl_416375_Shanghai_20200201_Illumina_1:0.002752)Node12:1e-06,epi_isl_402128_Hubei_20191230_MGISEQ_1224:1e-06)Node11:1e-06)Node1:1e-06,((epi_isl_416700_Washington_20200313_Illumina_2:0.002755,epi_isl_408668_Thanh_Hoa_20200124_Illumina_2:0.002754)Node17:1e-06,(epi_isl_402129_Hubei_20191230_Illumina_1:0.002754,epi_isl_416565_unknown_20200215_Illumina_2:0.002754)Node20:1e-06)Node16:1e-06,(((epi_isl_413214_New_South_Wales_20200229_Illumina_2:0.002751,epi_isl_416354_Shanghai_20200204_Illumina_1:0.005513)Node25:1e-06,(epi_isl_416446_Washington_20200310_Illumina_1:0.002754,epi_isl_417174_Washington_20200301_Illumina_1:0.002754)Node28:1e-06)Node24:1e-06,epi_isl_408488_Jiangsu_20200119_Illumina_1:0.002757)Node23:1e-06)", "L": 0.003773219958303603, "p": 0.1, "selection": {"89": {"fel": 0.01664868300903011, "kind": "positive", "meme": 0.02758986875594793, "meme-fraction": 0.99999999, "meme-branches": 1, "substitutions": [0, 1], "composition": {"Q": 29, "P": 2, "-": 1}, "labels": {"Node1": ["Q", "CAA", 0, 0], "Node11": ["Q", "CAA", 0, 0], "Node12": ["Q", "CAA", 0, 0], "Node16": ["Q", "CAA", 0, 0], "Node17": ["Q", "CAA", 0, 0], "Node2": ["Q", "CAA", 0, 0], "Node20": ["Q", "CAA", 0, 0], "Node23": ["Q", "CAA", 0, 0], "Node23_1": ["Q", "CAA", 0, 0], "Node24": ["Q", "CAA", 0, 0], "Node25": ["Q", "CAA", 0, 0], "Node28": ["Q", "CAA", 0, 0], "Node3": ["Q", "CAA", 0, 0], "Node6": ["Q", "CAA", 0, 0], "Node7": ["P", "CCA", 1, 0], "epi_isl_402128_Hubei_20191230_MGISEQ_1224": ["Q", "CAA", 0, 0], "epi_isl_402129_Hubei_20191230_Illumina_1": ["Q", "CAA", 0, 0], "epi_isl_408488_Jiangsu_20200119_Illumina_1": ["Q", "CAA", 0, 0], "epi_isl_408668_Thanh_Hoa_20200124_Illumina_2": ["Q", "CAA", 0, 0], "epi_isl_413214_New_South_Wales_20200229_Illumina_2": ["Q", "CAA", 0, 0], "epi_isl_413486_Washington_20200301_Illumina_1": ["Q", "CAA", 0, 0], "epi_isl_413875_Guangdong_20200210_multiplex_pcr_nanopore_1": ["-", "---", 0, 0], "epi_isl_416325_Shanghai_20200202_Illumina_1": ["Q", "CAA", 0, 0], "epi_isl_416354_Shanghai_20200204_Illumina_1": ["Q", "CAA", 0, 0], "epi_isl_416375_Shanghai_20200201_Illumina_1": ["Q", "CAA", 0, 0], "epi_isl_416396_Shanghai_20200210_Illumina_1": ["P", "CCA", 0, 0], "epi_isl_416401_Shanghai_20200202_Illumina_1": ["Q", "CAA", 0, 0], "epi_isl_416432_Riyadh_20200307_null_1": ["Q", "CAA", 0, 0], "epi_isl_416446_Washington_20200310_Illumina_1": ["Q", "CAA", 0, 0], "epi_isl_416565_unknown_20200215_Illumina_2": ["Q", "CAA", 0, 0], "epi_isl_416700_Washington_20200313_Illumina_2": ["Q", "CAA", 0, 0], "epi_isl_417174_Washington_20200301_Illumina_1": ["Q", "CAA", 0, 0]}, "prime": []}}, "map": [0, 1, 2, 3, 4, 5, 6, 7, 8, 9, 10, 11, 12, 13, 14, 15, 16, 17, 18, 19, 20, 21, 22, 23, 24, 25, 26, 27, 28, 29, 30, 31, 32, 33, 34, 35, 36, 37, 38, 39, 40, 41, 42, 43, 44, 45, 46, 47, 48, 49, 50, 51, 52, 53, 54, 55, 56, 57, 58, 59, 60, 61, 62, 63, 64, 65, 66, 67, 68, 69, 70, 71, 72, 73, 74, 75, 76, 77, 78, 79, 80, 81, 82, 83, 84, 85, 86, 87, 88, 89, 90, 91, 92, 93, 94, 95, 96, 97, 98, 99, 100, 101, 102, 103, 104, 105, 106, 107, 108, 109, 110, 111, 112, 113, 114, 115, 116, 117, 118, 119, 120]}