{"sequences": 27, "sites": 222, "tree": "((((epi_isl_416569_unknown_20200215_Illumina_1:0.001516,epi_isl_414010_England_20200226_Illumina_10:0.001506)Node3:1e-06,((((((epi_isl_415620_Washington_20200309_Illumina_1:0.001507,epi_isl_414636_Hauts_de_France_20200304_Illumina_1:0.001507)Node11:1e-06,(epi_isl_415150_England_20200309_Illumina_2:0.001507,epi_isl_417032_Queensland_20200311_Illumina_1:0.001507)Node14:1e-06)Node10:1e-06,epi_isl_413520_Beijing_20200128_MGISEQ2000_3:0.001507)Node9:1e-06,(((((epi_isl_416457_California_20200318_Nanopore_2:0.001507,epi_isl_417083_Washington_20200228_Illumina_1:0.001507)Node22:1e-06,(epi_isl_415138_England_20200302_Illumina_4:0.001507,epi_isl_413024_Zurich_20200229_Illumina_1:0.001507)Node25:1e-06)Node21:1e-06,epi_isl_417103_Washington_20200305_Illumina_1:0.001507)Node20:1e-06,((epi_isl_408667_Tokyo_20200131_NextSeq500_1:0.001506,epi_isl_406534_Guangdong_20200122_null_11:1e-06)Node30:0.001505,epi_isl_413022_Zurich_20200229_Illumina_2:0.003016)Node29:1e-06)Node19:1e-06,(epi_isl_408431_Ile_de_France_20200129_Illumina_4:1e-06,epi_isl_416907_Selangor_20200220_Illumina_1:0.001504)Node34:0.001506)Node18:1e-06)Node8:1e-06,epi_isl_415132_England_20200228_Illumina_1:0.001507)Node7:1e-06,epi_isl_402128_Hubei_20191230_MGISEQ_1179:1e-06)Node6:1e-06)Node2:1e-06,(((epi_isl_413880_Guangdong_20200205_multiplex_pcr_nanopore_1:0.003175,epi_isl_413855_Guangdong_20200207_metagenomics_BGI_7:1e-06)Node41:0.001507,epi_isl_416327_Shanghai_20200128_Illumina_1:0.001507)Node40:1e-06,(epi_isl_406716_Hubei_20200102_Illumina_2:0.003017,epi_isl_416692_Washington_20200314_Illumina_1:0.001505)Node45:1e-06)Node39:1e-06)Node1:1e-06,(epi_isl_416539_Wellington_20200315_Nanopore_1:0.001507,epi_isl_413572_Haarlem_20200301_Nanopore_24:0.001507)Node48:1e-06,epi_isl_416395_Shanghai_20200209_Illumina_1:0.001506)", "L": 0.004169062428906801, "p": 0.1, "selection": {"208": {"fel": 0.04456123705492987, "meme": 0.0621833013998071, "meme-fraction": 0.99999999, "meme-branches": 1, "substitutions": [0, 1], "composition": {"D": 49, "H": 3}, "labels": {"Node1": ["D", "GAC", 0, 0], "Node10": ["D", "GAC", 0, 0], "Node11": ["D", "GAC", 0, 0], "Node14": ["D", "GAC", 0, 0], "Node18": ["D", "GAC", 0, 0], "Node19": ["D", "GAC", 0, 0], "Node2": ["D", "GAC", 0, 0], "Node20": ["D", "GAC", 0, 0], "Node21": ["D", "GAC", 0, 0], "Node22": ["D", "GAC", 0, 0], "Node25": ["D", "GAC", 0, 0], "Node29": ["D", "GAC", 0, 0], "Node3": ["D", "GAC", 0, 0], "Node30": ["D", "GAC", 0, 0], "Node34": ["H", "CAC", 1, 0], "Node39": ["D", "GAC", 0, 0], "Node40": ["D", "GAC", 0, 0], "Node41": ["D", "GAC", 0, 0], "Node45": ["D", "GAC", 0, 0], "Node48": ["D", "GAC", 0, 0], "Node51": ["D", "GAC", 0, 0], "Node6": ["D", "GAC", 0, 0], "Node7": ["D", "GAC", 0, 0], "Node8": ["D", "GAC", 0, 0], "Node9": ["D", "GAC", 0, 0], "epi_isl_402128_Hubei_20191230_MGISEQ_1179": ["D", "GAC", 0, 0], "epi_isl_406534_Guangdong_20200122_null_11": ["D", "GAC", 0, 0], "epi_isl_406716_Hubei_20200102_Illumina_2": ["D", "GAC", 0, 0], "epi_isl_408431_Ile_de_France_20200129_Illumina_4": ["H", "CAC", 0, 0], "epi_isl_408667_Tokyo_20200131_NextSeq500_1": ["D", "GAC", 0, 0], "epi_isl_413022_Zurich_20200229_Illumina_2": ["D", "GAC", 0, 0], "epi_isl_413024_Zurich_20200229_Illumina_1": ["D", "GAC", 0, 0], "epi_isl_413520_Beijing_20200128_MGISEQ2000_3": ["D", "GAC", 0, 0], "epi_isl_413572_Haarlem_20200301_Nanopore_24": ["D", "GAC", 0, 0], "epi_isl_413855_Guangdong_20200207_metagenomics_BGI_7": ["D", "GAC", 0, 0], "epi_isl_413880_Guangdong_20200205_multiplex_pcr_nanopore_1": ["D", "GAC", 0, 0], "epi_isl_414010_England_20200226_Illumina_10": ["D", "GAC", 0, 0], "epi_isl_414636_Hauts_de_France_20200304_Illumina_1": ["D", "GAC", 0, 0], "epi_isl_415132_England_20200228_Illumina_1": ["D", "GAC", 0, 0], "epi_isl_415138_England_20200302_Illumina_4": ["D", "GAC", 0, 0], "epi_isl_415150_England_20200309_Illumina_2": ["D", "GAC", 0, 0], "epi_isl_415620_Washington_20200309_Illumina_1": ["D", "GAC", 0, 0], "epi_isl_416327_Shanghai_20200128_Illumina_1": ["D", "GAC", 0, 0], "epi_isl_416395_Shanghai_20200209_Illumina_1": ["D", "GAC", 0, 0], "epi_isl_416457_California_20200318_Nanopore_2": ["D", "GAC", 0, 0], "epi_isl_416539_Wellington_20200315_Nanopore_1": ["D", "GAC", 0, 0], "epi_isl_416569_unknown_20200215_Illumina_1": ["D", "GAC", 0, 0], "epi_isl_416692_Washington_20200314_Illumina_1": ["D", "GAC", 0, 0], "epi_isl_416907_Selangor_20200220_Illumina_1": ["H", "CAC", 0, 0], "epi_isl_417032_Queensland_20200311_Illumina_1": ["D", "GAC", 0, 0], "epi_isl_417083_Washington_20200228_Illumina_1": ["D", "GAC", 0, 0], "epi_isl_417103_Washington_20200305_Illumina_1": ["D", "GAC", 0, 0]}, "prime": []}}, "map": [0, 1, 2, 3, 4, 5, 6, 7, 8, 9, 10, 11, 12, 13, 14, 15, 16, 17, 18, 19, 20, 21, 22, 23, 24, 25, 26, 27, 28, 29, 30, 31, 32, 33, 34, 35, 36, 37, 38, 39, 40, 41, 42, 43, 44, 45, 46, 47, 48, 49, 50, 51, 52, 53, 54, 55, 56, 57, 58, 59, 60, 61, 62, 63, 64, 65, 66, 67, 68, 69, 70, 71, 72, 73, 74, 75, 76, 77, 78, 79, 80, 81, 82, 83, 84, 85, 86, 87, 88, 89, 90, 91, 92, 93, 94, 95, 96, 97, 98, 99, 100, 101, 102, 103, 104, 105, 106, 107, 108, 109, 110, 111, 112, 113, 114, 115, 116, 117, 118, 119, 120, 121, 122, 123, 124, 125, 126, 127, 128, 129, 130, 131, 132, 133, 134, 135, 136, 137, 138, 139, 140, 141, 142, 143, 144, 145, 146, 147, 148, 149, 150, 151, 152, 153, 154, 155, 156, 157, 158, 159, 160, 161, 162, 163, 164, 165, 166, 167, 168, 169, 170, 171, 172, 173, 174, 175, 176, 177, 178, 179, 180, 181, 182, 183, 184, 185, 186, 187, 188, 189, 190, 191, 192, 193, 194, 195, 196, 197, 198, 199, 200, 201, 202, 203, 204, 205, 206, 207, 208, 209, 210, 211, 212, 213, 214, 215, 216, 217, 218, 219, 220, 221]}