{"sequences": 18, "sites": 121, "tree": "((epi_isl_416521_Saudi_Arabia_20200310_Illumina_2:0.002752,(((epi_isl_406534_Guangdong_20200122_null_13:0.002761,(epi_isl_416411_Victoria_20200125_Ilumina_2:0.00276,((epi_isl_416666_Washington_20200312_Illumina_1:0.002759,epi_isl_402129_Hubei_20191230_Illumina_1:0.002759)Node10:1e-06,(((epi_isl_413928_California_20200305_Illumina_1:0.002758,(epi_isl_414363_Washington_20200304_Illumina_2:0.002786,(epi_isl_415538_Wales_20200312_Nanopore_1:0.002755,epi_isl_412900_Hubei_20191230_Illumina_1:0.008326)Node19:1e-06)Node17:1e-06)Node15:1e-06,epi_isl_402128_Hubei_20191230_MGISEQ_884:1e-06)Node14:1e-06,epi_isl_413873_Guangdong_20200228_multiplex_pcr_nanopore_1:0.002758)Node13:1e-06)Node9:1e-06)Node7:0.002755)Node5:1e-06,epi_isl_404253_Illinois_20200121_Sanger__378:1e-06)Node4:1e-06,(epi_isl_412116_England_20200209_Illumina_1:0.002755,epi_isl_416684_Washington_20200314_Illumina_1:0.002756)Node25:1e-06)Node3:1e-06)Node1:1e-06,((epi_isl_413894_Guangdong_20200228_multiplex_pcr_nanopore_1:1e-06,epi_isl_414934_Shandong_20200121_null_1:1e-06)Node29:0.011084,epi_isl_416349_Shanghai_20200130_Illumina_4:0.002751)Node28:1e-06,epi_isl_408668_Thanh_Hoa_20200124_Illumina_2:0.002755)", "L": 0.014536495810186276, "p": 0.1, "selection": {"120": {"fel": 0.05046720615552991, "kind": "positive", "meme": 0.0692770812259077, "meme-fraction": 0.99999999, "meme-branches": 1, "substitutions": [1, 2], "composition": {"I": 30, "S": 2, "-": 2}, "labels": {"Node1": ["I", "ATC", 0, 0], "Node10": ["I", "ATC", 0, 0], "Node13": ["I", "ATC", 0, 0], "Node14": ["I", "ATC", 0, 0], "Node15": ["I", "ATC", 0, 0], "Node17": ["I", "ATC", 0, 0], "Node19": ["I", "ATC", 0, 0], "Node25": ["I", "ATC", 0, 0], "Node28": ["I", "ATC", 0, 0], "Node29": ["S", "TCT", 2, 1], "Node3": ["I", "ATC", 0, 0], "Node33": ["I", "ATC", 0, 0], "Node4": ["I", "ATC", 0, 0], "Node5": ["I", "ATC", 0, 0], "Node7": ["I", "ATC", 0, 0], "Node9": ["I", "ATC", 0, 0], "epi_isl_402128_Hubei_20191230_MGISEQ_884": ["I", "ATC", 0, 0], "epi_isl_402129_Hubei_20191230_Illumina_1": ["I", "ATC", 0, 0], "epi_isl_404253_Illinois_20200121_Sanger__378": ["I", "ATC", 0, 0], "epi_isl_406534_Guangdong_20200122_null_13": ["I", "ATC", 0, 0], "epi_isl_408668_Thanh_Hoa_20200124_Illumina_2": ["I", "ATC", 0, 0], "epi_isl_412116_England_20200209_Illumina_1": ["I", "ATC", 0, 0], "epi_isl_412900_Hubei_20191230_Illumina_1": ["I", "ATC", 0, 0], "epi_isl_413873_Guangdong_20200228_multiplex_pcr_nanopore_1": ["I", "ATC", 0, 0], "epi_isl_413894_Guangdong_20200228_multiplex_pcr_nanopore_1": ["-", "---", 0, 0], "epi_isl_413928_California_20200305_Illumina_1": ["I", "ATC", 0, 0], "epi_isl_414363_Washington_20200304_Illumina_2": ["-", "---", 0, 0], "epi_isl_414934_Shandong_20200121_null_1": ["S", "TCT", 0, 0], "epi_isl_415538_Wales_20200312_Nanopore_1": ["I", "ATC", 0, 0], "epi_isl_416349_Shanghai_20200130_Illumina_4": ["I", "ATC", 0, 0], "epi_isl_416411_Victoria_20200125_Ilumina_2": ["I", "ATC", 0, 0], "epi_isl_416521_Saudi_Arabia_20200310_Illumina_2": ["I", "ATC", 0, 0], "epi_isl_416666_Washington_20200312_Illumina_1": ["I", "ATC", 0, 0], "epi_isl_416684_Washington_20200314_Illumina_1": ["I", "ATC", 0, 0]}, "prime": []}}, "map": [0, 1, 2, 3, 4, 5, 6, 7, 8, 9, 10, 11, 12, 13, 14, 15, 16, 17, 18, 19, 20, 21, 22, 23, 24, 25, 26, 27, 28, 29, 30, 31, 32, 33, 34, 35, 36, 37, 38, 39, 40, 41, 42, 43, 44, 45, 46, 47, 48, 49, 50, 51, 52, 53, 54, 55, 56, 57, 58, 59, 60, 61, 62, 63, 64, 65, 66, 67, 68, 69, 70, 71, 72, 73, 74, 75, 76, 77, 78, 79, 80, 81, 82, 83, 84, 85, 86, 87, 88, 89, 90, 91, 92, 93, 94, 95, 96, 97, 98, 99, 100, 101, 102, 103, 104, 105, 106, 107, 108, 109, 110, 111, 112, 113, 114, 115, 116, 117, 118, 119, 120]}