{"sequences": 91, "sites": 419, "tree": "(((epi_isl_413879_Guangdong_20200205_multiplex_pcr_nanopore_3:0.00082,epi_isl_416645_Washington_20200311_Illumina_1:0.00082)Node2:1e-06,((epi_isl_416619_unknown_20200217_Illumina_1:0.000819,epi_isl_415742_Taoyuan_20200227_Illumina_1:0.000818)Node6:1e-06,(epi_isl_415655_Wales_20200312_Nanopore_2:0.00082,(epi_isl_416655_Washington_20200311_Illumina_1:0.000819,epi_isl_406799_Wuhan_20191231_DNBSEQ_1:0.000819)Node11:1e-06)Node9:1e-06)Node5:1e-06)Node1:1e-06,(((((epi_isl_415586_British_Columbia_20200305_Nanopore_1:1e-06,(epi_isl_413885_Guangdong_20200201_multiplex_pcr_nanopore_4:1e-06,epi_isl_413890_Guangdong_20200228_multiplex_pcr_nanopore_1:1e-06)Node20:1e-06)Node18:0.002461,epi_isl_415528_Utrecht_20200312_Nanopore_1:1e-06)Node17:0.000819,epi_isl_404253_Illinois_20200121_Sanger__27:0.000818)Node16:1e-06,(epi_isl_415516_Noord_Brabant_20200311_Nanopore_1:0.000819,epi_isl_414017_Sao_Paulo_20200304_Ion_15:0.000819)Node25:1e-06)Node15:1e-06,((epi_isl_413557_California_2020_Illumina_1:0.000819,epi_isl_414584_Dublin_20200302_MinION_2:0.000818)Node29:1e-06,(epi_isl_415700_Switzerland_20200228_null_3:0.000819,epi_isl_414580_Santiago_20200305_Illumina_1:0.000819)Node32:1e-06)Node28:1e-06)Node14:1e-06,((((epi_isl_413876_Guangdong_20200210_multiplex_pcr_nanopore_1:0.0008229999999999999,epi_isl_413648_Portugal_20200301_Illumina_1:0.000407)Node38:0.000411,(((epi_isl_415978_Wales_20200308_null_3:0.000821,epi_isl_414578_Talca_20200304_Illumina_1:0.000821)Node43:1e-06,((epi_isl_413603_Helsinki_20200303_Illumina_1:0.000822,epi_isl_413485_Anhui_20200124_null_4:0.000822)Node47:1e-06,epi_isl_408488_Jiangsu_20200119_Illumina_102:1e-06)Node46:1e-06)Node42:1e-06,epi_isl_414485_USA_20200224_Nanopore_1:0.00082)Node41:0.00082)Node37:1e-06,(((epi_isl_416670_Washington_20200312_Illumina_3:0.00082,epi_isl_417163_Washington_20200305_Illumina_1:0.000819)Node54:1e-06,((epi_isl_413873_Guangdong_20200228_multiplex_pcr_nanopore_1:0.000819,epi_isl_417094_Washington_20200228_Illumina_1:0.00082)Node58:1e-06,(epi_isl_416571_unknown_20200215_Illumina_7:0.000819,epi_isl_415605_Washington_20200305_Illumina_1:0.000818)Node61:1e-06)Node57:1e-06)Node53:1e-06,((epi_isl_414510_Shanghai_20200202_Illumina__11:0.001638,(epi_isl_410218_Taipei_20200205_Sanger_7:1e-06,epi_isl_416361_Shanghai_20200201_Illumina_2:0.000818)Node67:0.000819)Node65:1e-06,(epi_isl_406534_Guangdong_20200122_null_1:0.000819,(epi_isl_416360_Shanghai_20200201_Illumina_1:1e-06,epi_isl_415787_Lima_20200310_Illumina_1:0.035387)Node72:0.000819)Node70:1e-06)Node64:1e-06)Node52:1e-06)Node36:1e-06,(((epi_isl_408485_Beijing_20200118_Illumina_1:0.000818,epi_isl_413693_China_2020_01_MGI_2:0.000818)Node77:1e-06,((epi_isl_415503_Noord_Brabant_20200311_Nanopore_1:0.000819,epi_isl_413563_Washington_20200303_Illumina_1:0.000819)Node81:1e-06,(epi_isl_413857_Guangdong_20200131_metagenomics_BGI_2:0.000818,epi_isl_414507_North_Rhine_Westphalia_20200303_Nanopore_5:0.000822)Node84:1e-06)Node80:1e-06)Node76:1e-06,(((epi_isl_408008_California_20200129_Sanger_31:1e-06,epi_isl_416351_Shanghai_20200206_Illumina_1:0.00083)Node89:0.00082,epi_isl_416389_Shanghai_20200121_Illumina_1:0.000818)Node88:1e-06,((epi_isl_412972_Mexico_City_20200227_Ion_3:0.00082,epi_isl_416657_Washington_20200311_Illumina_1:0.000818)Node94:1e-06,(epi_isl_402128_Hubei_20191230_MGISEQ_850:1e-06,(((((epi_isl_416412_Victoria_20200302_Ilumina_1:0.000822,(epi_isl_414941_Shandong_20200130_null_1:0.000821,(epi_isl_415598_Washington_20200310_Illumina_1:0.004231,epi_isl_416689_Washington_20200314_Illumina_1:1e-06)Node107:0.000818)Node105:1e-06)Node103:1e-06,(epi_isl_415643_Tbilisi_20200310_Illumina_2:0.00082,epi_isl_417084_Washington_20200302_Illumina_1:0.00082)Node110:1e-06)Node102:1e-06,((((epi_isl_410719_Singapore_20200202_Illumina_2:0.000818,epi_isl_413018_South_Korea_20200206_Illumina_1:0.000818)Node116:1e-06,(epi_isl_416042_Hangzhou_20200126_Novaseq_1:0.000818,(epi_isl_406034_California_20200123_Sanger__1:0.002477,(epi_isl_406595_Guandong_20200116_null_1:0.000817,epi_isl_406798_Hubei_20191226_DNBSEQ_7:1e-06)Node123:1e-06)Node121:0.000818)Node119:1e-06)Node115:1e-06,(((epi_isl_415454_Switzerland_20200228_null_3:0.000818,epi_isl_412967_Guangzhou_20200129_Illumina_1:0.000822)Node128:1e-06,(epi_isl_414540_Noord_Brabant_20200308_Nanopore_1:0.000819,epi_isl_414586_Limerick_20200303_Nanopore_2:0.000819)Node131:1e-06)Node127:1e-06,((epi_isl_416437_Washington_20200310_Illumina_4:0.000818,epi_isl_415584_British_Columbia_20200302_Nanopore_3:0.000818)Node135:1e-06,(epi_isl_416354_Shanghai_20200204_Illumina_1:0.000818,epi_isl_416371_Shanghai_20200205_Illumina_1:0.000819)Node138:1e-06)Node134:1e-06)Node126:1e-06)Node114:1e-06,((((epi_isl_416446_Washington_20200310_Illumina_1:0.00082,epi_isl_416697_Washington_20200313_Illumina_1:0.000819)Node144:1e-06,(epi_isl_413015_Ontario_20200123_Nanopore_1:0.00082,(((epi_isl_412968_Japan_20200210_null_77:1e-06,((epi_isl_414470_Zuid_Holland_20200306_Nanopore_1:0.000825,epi_isl_417031_Queensland_20200311_null_1:0.000821)Node154:1e-06,(epi_isl_414579_Santiago_20200303_Illumina_2:0.000821,epi_isl_414482_USA_20200218_Nanopore_1:0.00082)Node157:1e-06)Node153:1e-06)Node151:1e-06,(epi_isl_413025_Washington_20200227_Illumina_1:0.000821,epi_isl_413595_NSW_20200228_Illumina_6:0.000822)Node160:1e-06)Node150:1e-06,epi_isl_415582_British_Columbia_20200304_Nanopore_1:0.000821)Node149:0.00248)Node147:1e-06)Node143:1e-06,(epi_isl_414450_Noord_Brabant_20200306_Nanopore_2:0.000818,epi_isl_417117_Washington_20200303_Illumina_1:0.000818)Node164:1e-06)Node142:1e-06,((epi_isl_414477_Usti_nad_Labem_20200301_Nanopore_1:0.000819,epi_isl_406594_Guandong_20200116_null_7:0.000819)Node168:1e-06,(epi_isl_414623_Grand_Est_20200225_Illumina_1:0.00082,epi_isl_413647_Portugal_20200301_Illumina_1:0.000819)Node171:1e-06)Node167:1e-06)Node141:1e-06)Node113:1e-06)Node101:1e-06,(epi_isl_415585_British_Columbia_20200304_Nanopore_2:0.000819,epi_isl_413609_USA_20200221_null_2:0.000822)Node174:1e-06)Node100:1e-06,(epi_isl_416626_unknown_20200217_Illumina_2:0.000819,epi_isl_413623_USA_20200224_null_3:0.000819)Node177:1e-06)Node99:1e-06)Node97:1e-06)Node93:1e-06)Node87:1e-06)Node75:1e-06)Node35:1e-06)", "L": 0.009174357493139065, "p": 0.1, "selection": {"202": {"meme": 0.051862114616123, "fel": 0.824225625790292, "meme-fraction": 0.1011901991867966, "meme-branches": 1, "substitutions": [1, 1], "composition": {"R": 165, "K": 15}, "labels": {"Node1": ["R", "AGG", 0, 0], "Node100": ["R", "AGG", 0, 0], "Node101": ["R", "AGG", 0, 0], "Node102": ["R", "AGG", 0, 0], "Node103": ["R", "AGG", 0, 0], "Node105": ["R", "AGG", 0, 0], "Node107": ["R", "AGG", 0, 0], "Node11": ["R", "AGG", 0, 0], "Node110": ["R", "AGG", 0, 0], "Node113": ["R", "AGG", 0, 0], "Node114": ["R", "AGG", 0, 0], "Node115": ["R", "AGG", 0, 0], "Node116": ["R", "AGG", 0, 0], "Node119": ["R", "AGG", 0, 0], "Node121": ["R", "AGG", 0, 0], "Node123": ["R", "AGG", 0, 0], "Node126": ["R", "AGG", 0, 0], "Node127": ["R", "AGG", 0, 0], "Node128": ["R", "AGG", 0, 0], "Node131": ["R", "AGG", 0, 0], "Node134": ["R", "AGG", 0, 0], "Node135": ["R", "AGG", 0, 0], "Node138": ["R", "AGG", 0, 0], "Node14": ["R", "AGG", 0, 0], "Node141": ["R", "AGG", 0, 0], "Node142": ["R", "AGG", 0, 0], "Node143": ["R", "AGG", 0, 0], "Node144": ["R", "AGG", 0, 0], "Node147": ["R", "AGG", 0, 0], "Node149": ["K", "AAA", 1, 1], "Node15": ["R", "AGG", 0, 0], "Node150": ["K", "AAA", 0, 0], "Node151": ["K", "AAA", 0, 0], "Node153": ["K", "AAA", 0, 0], "Node154": ["K", "AAA", 0, 0], "Node157": ["K", "AAA", 0, 0], "Node16": ["R", "AGG", 0, 0], "Node160": ["K", "AAA", 0, 0], "Node164": ["R", "AGG", 0, 0], "Node167": ["R", "AGG", 0, 0], "Node168": ["R", "AGG", 0, 0], "Node17": ["R", "AGG", 0, 0], "Node171": ["R", "AGG", 0, 0], "Node174": ["R", "AGG", 0, 0], "Node177": ["R", "AGG", 0, 0], "Node18": ["R", "AGG", 0, 0], "Node2": ["R", "AGG", 0, 0], "Node20": ["R", "AGG", 0, 0], "Node25": ["R", "AGG", 0, 0], "Node28": ["R", "AGG", 0, 0],