{"sequences":99,"bl":{"Node103":0.0004105726271514431,"Node104":0.0001439282011233291,"Node108":0.0004117943432276003,"Node116":0.0005545067518991491,"Node121":0.0005545815716873541,"Node29":0.0002385574892706586,"Node32":0.0005544999852223736,"Node33":0.0005544958592266629,"Node50":0.0005545036297044559,"Node55":0.0005545833110480976,"Node58":0.0005547412825324384,"Node78":0.0001633816803727609,"Node92":0.0005545049602960301,"Node95":0.0005546627971242123,"Node98":0.0005548571346580074,"epi_isl_406036_California_20200122_null_1":0.0005545809987160116,"epi_isl_408485_Beijing_20200118_null_1":0.0005545811468893251,"epi_isl_409067_Massachusetts_20200129_null_1":0.0005544256586099647,"epi_isl_411951_Sweden_20200207_null_1":0.0005544256597144909,"epi_isl_413485_Anhui_20200124_null_2":0.0005545059814985354,"epi_isl_413523_Kerala_20200131_null_1":0.0001427299331399174,"epi_isl_413695_China_20200101_null_1":0.001160539063547594,"epi_isl_413749_China_20200201_null_1":0.0005550941122435534,"epi_isl_413898_Guangdong_20200228_null_1":0.0005559174375770185,"epi_isl_413931_California_20200305_null_2":0.0005548095718502472,"epi_isl_414379_Singapore_20200218_null_1":0.0005545462499573515,"epi_isl_414524_England_20200301_null_1":0,"epi_isl_414567_Hong_Kong_20200210_null_1":0.0005544256552893258,"epi_isl_414629_Hauts_de_France_20200303_null_1":0.000554580984432869,"epi_isl_415149_England_20200301_null_1":0,"epi_isl_415150_England_20200309_null_1":0.000554343358473572,"epi_isl_415461_Gelderland_20200310_null_3":0,"epi_isl_415476_Netherlands_20200310_null_1":0.0005545809853397211,"epi_isl_415480_Netherlands_20200309_null_3":0.000554460732257648,"epi_isl_415493_Netherlands_20200101_null_2":0.000554821590813098,"epi_isl_415517_Noord_Brabant_20200101_null_2":0.0005548215561490115,"epi_isl_415592_Washington_20200309_null_1":0.0005545020867677895,"epi_isl_415593_Washington_20200310_null_1":0.001110172877722675,"epi_isl_415655_Wales_20200312_null_1":0.0005545809844487956,"epi_isl_416044_Hangzhou_20200125_null_1":0.0005547318167207219,"epi_isl_416315_Hong_Kong_20200219_null_3":0.0005544256350891448,"epi_isl_416322_Shanghai_20200129_null_1":0.0005545809865767481,"epi_isl_416347_Shanghai_20200206_null_1":0.0005545060940350835,"epi_isl_416348_Shanghai_20200206_null_4":0.0005547318129700392,"epi_isl_416349_Shanghai_20200130_null_1":0.0005545060727275328,"epi_isl_416369_Shanghai_20200205_null_14":0.0005545809858529602,"epi_isl_416386_Shanghai_20200131_null_1":0.0005546699359425276,"epi_isl_416396_Shanghai_20200210_null_1":0.0005548221696733968,"epi_isl_416407_Shanghai_20200215_null_3":0.0005545810121153155,"epi_isl_416414_Victoria_20200306_null_1":0,"epi_isl_416419_Connecticut_20200309_null_4":0,"epi_isl_416434_Washington_20200310_null_1":0.0005543434576617045,"epi_isl_416489_Wisconsin_20200315_null_4":0,"epi_isl_416670_Washington_20200312_null_1":0.001110195731146215,"epi_isl_416671_Washington_20200312_null_1":0.0005547317824053714,"epi_isl_416679_Washington_20200311_null_1":0.0005548289614119746,"epi_isl_416682_USA_20200309_null_1":0.0005547406063587339,"epi_isl_416689_Washington_20200314_null_2":0.0005546633545506312,"epi_isl_416744_Baranya_20200320_null_1":0.0005545809559849411,"epi_isl_417107_Washington_20200305_null_2":0.0005547385558365071,"epi_isl_417117_Washington_20200303_null_1":0.0005545027760171077,"epi_isl_417149_Washington_20200228_null_2":0,"epi_isl_417150_Washington_20200228_null_1":0,"epi_isl_417201_Wisconsin_20200321_null_3":0.00055442457538462,"epi_isl_417231_England_20200303_null_1":0.0005545809981087609,"epi_isl_417238_England_20200303_null_1":0.0005544607799561797,"epi_isl_417242_England_20200303_null_1":0,"epi_isl_417261_England_20200306_null_1":0,"epi_isl_417324_California_20200304_null_1":0.0005547408794663414,"epi_isl_417367_Washington_20200313_null_1":0.0005547301327335468,"epi_isl_417368_USA_20200313_null_2":0.0005547408249620148,"epi_isl_417424_Kasterlee_20200304_null_1":0.0005544256570262045,"epi_isl_417454_Washington_20200314_null_1":0.0005547317842193521,"epi_isl_417498_Minnesota_20200313_null_2":0.0005546698856811681,"epi_isl_417501_Minnesota_20200314_null_2":0,"epi_isl_417518_Taoyuan_20200204_null_1":0.0005544256462368946,"epi_isl_417530_Luxembourg_20200318_null_1":0,"epi_isl_417556_Reykjavik_20200317_null_1":0.0005544255805725215,"epi_isl_417577_Reykjavik_20200317_null_1":0.0005545040621594534,"epi_isl_417609_Reykjavik_20200317_null_2":0.000554581001413451,"epi_isl_417711_Reykjavik_20200313_null_1":0.0005543434930782084,"epi_isl_417732_Reykjavik_20200310_null_6":0.0005543333083578975,"epi_isl_417792_Reykjavik_20200313_null_1":0,"epi_isl_417801_Reykjavik_20200313_null_6":0.0005541044405321372,"epi_isl_417818_Reykjavik_20200316_null_7":0,"epi_isl_417826_Reykjavik_20200316_null_3":0.0005545061379145533,"epi_isl_417834_Reykjavik_20200316_null_2":0,"epi_isl_417924_Antioquia_20200311_null_3":0.0005545809682800362,"epi_isl_417944_Kinshasa_20200318_null_2":0.0005545809984084079,"epi_isl_417948_Kinshasa_20200319_null_2":0.0005544255940690426,"epi_isl_418060_USA_20200314_null_1":0.0005547427130386176,"epi_isl_418082_Washington_20200315_null_1":0.001109770605657705,"epi_isl_418090_Wales_20200312_null_1":0,"epi_isl_418092_Wales_20200312_null_2":0,"epi_isl_418099_Wales_20200313_null_1":0,"epi_isl_418101_Wales_20200315_null_1":0.0005545809556423551,"epi_isl_418113_Wales_20200313_null_3":0,"epi_isl_418116_Wales_20200313_null_1":0.000554343547366935,"epi_isl_418133_Wales_20200315_null_1":0,"epi_isl_418184_Wisconsin_20200318_null_1":0.0005545809739631366,"epi_isl_418217_Mbour_20200313_null_1":0.0005545808502741297,"epi_isl_418247_Castilla_y_Leon_20200226_null_1":0.0005545809983493081,"epi_isl_418312_South_Yorkshire_20200325_null_1881":0,"epi_isl_418314_South_Yorkshire_20200325_null_90":0,"epi_isl_418319_Derbyshire_20200325_null_5":0.0003158804953246218,"epi_isl_418321_South_Yorkshire_20200325_null_1":0.0003912182737485775,"epi_isl_418333_Ontario_20201003_null_1":0.000554739440592183,"epi_isl_418342_Ontario_20200311_null_1":0.001110523259931494,"epi_isl_418343_Ontario_20200310_null_353":0,"epi_isl_418356_Ontario_20200312_null_2":0.0005545809976839137,"epi_isl_418368_Ontario_20200312_null_1":0.0005546201183816645,"epi_isl_418411_Helsinki_20200314_null_18":0.0005545810258011244,"epi_isl_418414_ARA_20200315_null_6":0,"epi_isl_418421_ARA_20200317_null_1":0.0005544256328437932},"total sequences":2516,"aminoacid variant sites":[{"V":97,"I":2},{"L":96,"F":3},{"P":96,"L":2},{"I":97,"T":2},{"S":97,"L":2},{"P":78,"L":21},{"Y":77,"C":22}],"all variant sites":[{"GTT":97,"ATT":2},{"CCA":95,"CCG":2,"CTA":1,"CYA":1},{"CTT":96,"TTT":3},{"TAC":96,"TAT":2,"TAY":1},{"CCT":96,"CYT":1,"CTT":2},{"CGT":94,"CGY":1,"CGC":4},{"GTC":97,"GTT":2},{"ATA":97,"ACA":2},{"TCA":97,"TTA":2},{"CCT":78,"CTT":21},{"GTA":97,"GTG":2},{"TAT":76,"TGT":22,"TAC":1}],"any variation":90,"sites":601,