{
 "L": 0.021457520316939798,
 "all variant sites": [
  {
   "ATG": 2,
   "TTT": 14
  },
  {
   "GAC": 2,
   "GAT": 12
  }
 ],
 "aminoacid variant sites": [
  {
   "F": 14,
   "M": 2
  }
 ],
 "any variation": 16,
 "dN/dS": {
  "internal": [
   [
    0.5095530276618963,
    1
   ]
  ],
  "leaves": [
   [
    1.168805285201663,
    1
   ]
  ]
 },
 "map": [
  0,
  1,
  2,
  3,
  4,
  5,
  6,
  7,
  8,
  9,
  10,
  11,
  12,
  13,
  14,
  15,
  16,
  17,
  18,
  19,
  20,
  21,
  22,
  23,
  24,
  25,
  26,
  27,
  28,
  29,
  30,
  31,
  32,
  33,
  34,
  35,
  36,
  37,
  38,
  39,
  40,
  41,
  42,
  43,
  44,
  45,
  46,
  47,
  48,
  49,
  50,
  51,
  52,
  53,
  54,
  55,
  56,
  57,
  58,
  59,
  60
 ],
 "p": 0.1,
 "selection": {
  "6": {
   "composition": {
    "F": 30
   },
   "fel": 0.07610739006036304,
   "kind": "negative",
   "labels": {
    "Node1": [
     "F",
     "TTT",
     0,
     0
    ],
    "Node10": [
     "F",
     "TTT",
     0,
     0
    ],
    "Node11": [
     "F",
     "TTT",
     0,
     0
    ],
    "Node15": [
     "F",
     "TTT",
     0,
     0
    ],
    "Node17": [
     "F",
     "TTT",
     0,
     0
    ],
    "Node2": [
     "F",
     "TTT",
     0,
     0
    ],
    "Node20": [
     "F",
     "TTT",
     0,
     0
    ],
    "Node24": [
     "F",
     "TTT",
     0,
     0
    ],
    "Node27": [
     "F",
     "TTT",
     0,
     0
    ],
    "Node27_1": [
     "F",
     "TTT",
     0,
     0
    ],
    "Node5": [
     "F",
     "TTT",
     0,
     0
    ],
    "Node6": [
     "F",
     "TTT",
     0,
     0
    ],
    "Node7": [
     "F",
     "TTT",
     0,
     0
    ],
    "Node8": [
     "F",
     "TTT",
     0,
     0
    ],
    "epi_isl_402128_Hubei_20191230_MGISEQ_2387": [
     "F",
     "TTT",
     0,
     0
    ],
    "epi_isl_413855_Guangdong_20200207_metagenomics_BGI_2": [
     "F",
     "TTT",
     0,
     0
    ],
    "epi_isl_415152_Panama_City_20200306_Illumina_19": [
     "F",
     "TTT",
     0,
     0
    ],
    "epi_isl_415613_Washington_20200309_Illumina_9": [
     "F",
     "TTT",
     0,
     0
    ],
    "epi_isl_415699_Switzerland_20200227_null_1": [
     "F",
     "TTT",
     0,
     0
    ],
    "epi_isl_416625_unknown_20200217_Illumina_1": [
     "F",
     "TTT",
     0,
     0
    ],
    "epi_isl_416641_Washington_20200311_Illumina_1": [
     "F",
     "TTT",
     0,
     0
    ],
    "epi_isl_417362_Washington_20200313_Illumina_1": [
     "F",
     "TTT",
     0,
     0
    ],
    "epi_isl_417373_Washington_20200313_Illumina_1": [
     "F",
     "TTT",
     0,
     0
    ],
    "epi_isl_417556_Reykjavik_20200317_Illumina_1": [
     "F",
     "TTT",
     0,
     0
    ],
    "epi_isl_418072_Washington_20200315_Illumina_1": [
     "F",
     "TTT",
     0,
     0
    ],
    "epi_isl_418102_Wales_20200315_Illumina_1": [
     "F",
     "TTT",
     0,
     0
    ],
    "epi_isl_418215_Touba_20200312_Illumina_11": [
     "F",
     "TTT",
     0,
     0
    ],
    "epi_isl_418314_South_Yorkshire_20200325_Nanopore_1": [
     "F",
     "TTC",
     0,
     1
    ],
    "epi_isl_418322_Ontario_20200308_Illumina_1": [
     "F",
     "TTT",
     0,
     0
    ],
    "epi_isl_418379_Ontario_20200313_Illumina_1": [
     "F",
     "TTT",
     0,
     0
    ]
   },
   "meme": 0.6666666666666666,
   "meme-branches": 0,
   "meme-fraction": 0.1519808148446282,
   "prime": [],
   "substitutions": [
    0,
    0
   ],
   "timing": {
    "F": {
     "20191226": 1,
     "20191230": 9,
     "20191231": 1,
     "20200101": 2,
     "20200102": 2,
     "20200105": 1,
     "20200108": 3,
     "20200110": 1,
     "20200111": 1,
     "20200113": 4,
     "20200114": 1,
     "20200115": 4,
     "20200116": 3,
     "20200117": 4,
     "20200118": 5,
     "20200119": 4,
     "20200120": 3,
     "20200121": 8,
     "20200122": 13,
     "20200123": 12,
     "20200124": 10,
     "20200125": 19,
     "20200126": 3,
     "20200127": 4,
     "20200128": 14,
     "20200129": 19,
     "20200130": 27,
     "20200131": 11,
     "20200201": 27,
     "20200202": 20,
     "20200203": 6,
     "20200204": 10,
     "20200205": 19,
     "20200206": 10,
     "20200207": 10,
     "20200208": 12,
     "20200209": 15,
     "20200210": 9,
     "20200211": 3,
     "20200212": 3,
     "20200213": 1,
     "20200214": 1,
     "20200215": 16,
     "20200216": 2,
     "20200217": 37,
     "20200218": 7,
     "20200219": 2,
     "20200220": 13,
     "20200221": 7,
     "20200222": 2,
     "20200223": 2,
     "20200224": 10,
     "20200225": 19,
     "20200226": 16,
     "20200227": 41,
     "20200228": 60,
     "20200229": 53,
     "20200301": 63,
     "20200302": 99,
     "20200303": 111,
     "20200304": 99,
     "20200305": 96,
     "20200306": 79,
     "20200307": 47,
     "20200308": 75,
     "20200309": 86,
     "20200310": 90,
     "20200311": 92,
     "20200312": 109,
     "20200313": 160,
     "20200314": 106,
     "20200315": 88,
     "20200316": 116,
     "20200317": 108,
     "20200318": 74,
     "20200319": 5,
     "20200320": 7,
     "20200321": 7,
     "20200322": 1,
     "20200323": 1,
     "20200324": 13,
     "20200325": 15,
     "20200326": 13
    }
   }
  }
 },
 "sequences": 16,
 "sites": 61,
 "total sequences": 2439,
 "tree": "(((epi_isl_418314_South_Yorkshire_20200325_Nanopore_1:0.005447,epi_isl_416641_Washington_20200311_Illumina_1:0.005433)Node2:1e-06,((((epi_isl_416625_unknown_20200217_Illumina_1:0.005451,((epi_isl_415152_Panama_City_20200306_Illumina_19:1e-06,epi_isl_417362_Washington_20200313_Illumina_1:0.005447)Node11:1e-06,epi_isl_413855_Guangdong_20200207_metagenomics_BGI_2:0.011241)Node10:0.005447)Node8:1e-06,(epi_isl_418379_Ontario_20200313_Illumina_1:0.005447,(epi_isl_417556_Reykjavik_20200317_Illumina_1:0.011659,epi_isl_418072_Washington_20200315_Illumina_1:1e-06)Node17:0.011181)Node15:1e-06)Node7:1e-06,(epi_isl_418322_Ontario_20200308_Illumina_1:0.005434,epi_isl_417373_Washington_20200313_Illumina_1:0.005452)Node20:1e-06)Node6:1e-06,epi_isl_402128_Hubei_20191230_MGISEQ_2387:1e-06)Node5:1e-06)Node1:1e-06,(epi_isl_415613_Washington_20200309_Illumina_9:0.005451,epi_isl_415699_Switzerland_20200227_null_1:0.005452)Node24:1e-06,(epi_isl_418102_Wales_20200315_Illumina_1:0.017123,epi_isl_418215_Touba_20200312_Illumina_11:0.002727)Node27:0.002731)"
}