{"sequences":50,"bl":{"Node19":0.0005334075862805972,"Node31":0.001166856678698827,"Node39":0.001168289001029006,"Node50":0.001167638622242653,"epi_isl_406595_Guandong_20200116_null_1":0.001167347540702652,"epi_isl_406798_Hubei_20191226_null_1":0.001168657005309169,"epi_isl_408669_Kyoto_20200129_null_1":0.001167914985703111,"epi_isl_412981_Hubei_20200118_null_1":0.001169051160395269,"epi_isl_413612_USA_20200217_null_2":0,"epi_isl_413619_USA_20200225_null_1":0.001167903000253701,"epi_isl_413752_China_20200201_null_1":0.001196593941598872,"epi_isl_413898_Guangdong_20200228_null_2":0.001167901191953052,"epi_isl_413902_Guangdong_20200228_null_1":0.001168012697911678,"epi_isl_414012_England_20200227_null_1":0.001168013575778495,"epi_isl_415473_Netherlands_20200309_null_4":0.001167900289684461,"epi_isl_415644_Tbilisi_20200228_null_1":0.001168296951620419,"epi_isl_416350_Shanghai_20200129_null_5":0.001167345693020068,"epi_isl_416382_Shanghai_20200208_null_1":0.001167742051185385,"epi_isl_416395_Shanghai_20200209_null_1":0.001167900285696341,"epi_isl_416396_Shanghai_20200210_null_2":0.001167345691147207,"epi_isl_416589_unknown_20200216_null_1":0.001168463635967914,"epi_isl_416615_unknown_20200217_null_4":0.001167985745511504,"epi_isl_417088_Washington_20200302_null_1":0.001167900277769639,"epi_isl_417176_Hong_Kong_20200121_null_1":0.00116866215659716,"epi_isl_417177_Hong_Kong_20200123_null_1":0.001167343493810005,"epi_isl_417204_Wisconsin_20200321_null_1":0.001167901188867013,"epi_isl_417243_England_20200303_null_6":0.001167345693749233,"epi_isl_417296_England_20200306_null_1":0.001167345685648953,"epi_isl_417309_England_20200306_null_2":0.000634290183997634,"epi_isl_417351_Washington_20200312_null_1":0.001168012696228956,"epi_isl_417364_Washington_20200312_null_2":0.001167343486949672,"epi_isl_417377_Washington_20200315_null_1":0.001167902100777304,"epi_isl_417386_New_South_Wales_20200304_null_1":0.001168463632399902,"epi_isl_417392_New_South_Wales_20200310_null_2":0,"epi_isl_417393_New_South_Wales_20200308_null_1":0.00117194484213568,"epi_isl_417413_Turkey_20200317_null_1":0.002337025257003252,"epi_isl_417427_Sint_Pieters_Woluwe_20200302_null_1":0.001167900281628132,"epi_isl_417445_Lombardy_20200224_null_1":0.002338071873560053,"epi_isl_417487_Oslo_20200301_null_2":0.001168298732845368,"epi_isl_417529_Luxembourg_20200318_null_1":0.001168073716980715,"epi_isl_417572_Reykjavik_20200317_null_1":0.00116790027967934,"epi_isl_417682_Reykjavik_20200310_null_1":0.001167680501900974,"epi_isl_417797_Reykjavik_20200313_null_1":0.001168073722029386,"epi_isl_417816_Reykjavik_20200316_null_3":0.001167345685648953,"epi_isl_417979_Madrid_20200303_null_1":0.001168382917527764,"epi_isl_418017_Portugal_20200316_null_1":0.001168073717104219,"epi_isl_418062_Washington_20200314_null_1":0.001168073710048101,"epi_isl_418082_Washington_20200315_null_1":0.001167344393417716,"epi_isl_418182_Madrid_20200312_null_6":0.001167901200624601,"epi_isl_418251_Madrid_20200225_null_1":0.00116734438743535,"epi_isl_418304_Derbyshire_20200324_null_1":0.001167902097040231,"epi_isl_418329_Ontario_20200312_null_7":0,"epi_isl_418359_Ontario_20200312_null_2042":0,"epi_isl_418432_ARA_20200318_null_343":0},"total sequences":2468,"aminoacid variant sites":[{"L":39,"F":11}],"all variant sites":[{"TTC":47,"TTT":3},{"TTG":39,"TTT":11},{"TTG":47,"TTA":2,"TCG":1}],"any variation":46,"sites":291,"tree":"(epi_isl_417243_England_20200303_null_6,epi_isl_417296_England_20200306_null_1,epi_isl_413902_Guangdong_20200228_null_1,epi_isl_416395_Shanghai_20200209_null_1,(epi_isl_418432_ARA_20200318_null_343,epi_isl_415644_Tbilisi_20200228_null_1,epi_isl_417386_New_South_Wales_20200304_null_1,epi_isl_417487_Oslo_20200301_null_2,(epi_isl_417392_New_South_Wales_20200310_null_2,epi_isl_418329_Ontario_20200312_null_7,epi_isl_417393_New_South_Wales_20200308_null_1)Node39,epi_isl_412981_Hubei_20200118_null_1,epi_isl_416382_Shanghai_20200208_null_1,epi_isl_416589_unknown_20200216_null_1)Node31,(epi_isl_413612_USA_20200217_null_2,epi_isl_416615_unknown_20200217_null_4)Node50,epi_isl_418062_Washington_20200314_null_1,epi_isl_418304_Derbyshire_20200324_null_1,epi_isl_417177_Hong_Kong_20200123_null_1,epi_isl_417797_Reykjavik_20200313_null_1,epi_isl_418251_Madrid_20200225_null_1,epi_isl_417572_Reykjavik_20200317_null_1,epi_isl_417088_Washington_20200302_null_1,epi_isl_417682_Reykjavik_20200310_null_1,epi_isl_418182_Madrid_20200312_null_6,epi_isl_417176_Hong_Kong_20200121_null_1,epi_isl_417413_Turkey_20200317_null_1,epi_isl_416350_Shanghai_20200129_null_5,epi_isl_418017_Portugal_20200316_null_1,epi_isl_417204_Wisconsin_20200321_null_1,epi_isl_417364_Washington_20200312_null_2,epi_isl_414012_England_20200227_null_1,epi_isl_413619_USA_20200225_null_1,epi_isl_417445_Lombardy_20200224_null_1,epi_isl_415473_Netherlands_20200309_null_4,epi_isl_406798_Hubei_20191226_null_1,epi_isl_417377_Washington_20200315_null_1,epi_isl_417816_Reykjavik_20200316_null_3,epi_isl_417529_Luxembourg_20200318_null_1,epi_isl_418082_Washington_20200315_null_1,epi_isl_416396_Shanghai_20200210_null_2,epi_isl_413898_Guangdong_20200228_null_2,epi_isl_418359_Ontario_20200312_null_2042,(epi_isl_413752_China_20200201_null_1,epi_isl_417309_England_20200306_null_2)Node19,epi_isl_408669_Kyoto_20200129_null_1,epi_isl_417427_Sint_Pieters_Woluwe_20200302_null_1,epi_isl_417351_Washington_20200312_null_1,epi_isl_406595_Guandong_20200116_null_1,epi_isl_417979_Madrid_20200303_null_1)","MAF":0.2,"L":0.004036191888251083,"p":0.1,"branch_names":["Node19","Node31","Node39","Node50","Node54","epi_isl_406595_Guandong_20200116_null_1","epi_isl_406798_Hubei_20191226_null_1","epi_isl_408669_Kyoto_20200129_null_1","epi_isl_412981_Hubei_20200118_null_1","epi_isl_413612_USA_20200217_null_2","epi_isl_413619_USA_20200225_null_1","epi_isl_413752_China_20200201_null_1","epi_isl_413898_Guangdong_20200228_null_2","epi_isl_413902_Guangdong_20200228_null_1","epi_isl_414012_England_20200227_null_1","epi_isl_415473_Netherlands_20200309_null_4","epi_isl_415644_Tbilisi_20200228_null_1","epi_isl_416350_Shanghai_20200129_null_5","epi_isl_416382_Shanghai_20200208_null_1","epi_isl_416395_Shanghai_20200209_null_1","epi_isl_416396_Shanghai_20200210_null_2","epi_isl_416589_unknown_20200216_null_1","epi_isl_416615_unknown_20200217_null_4","epi_isl_417088_Washington_20200302_null_1","epi_isl_417176_Hong_Kong_20200121_null_1","epi_isl_417177_Hong_Kong_20200123_null_1","epi_isl_417204_Wisconsin_20200321_null_1","epi_isl_417243_England_20200303_null_6","epi_isl_417296_England_20200306_null_1","epi_isl_417309_England_20200306_null_2","epi_isl_417351_Washington_20200312_null_1","epi_isl_417364_Washington_20200312_null_2","epi_isl_417377_Washington_20200315_null_1","epi_isl_417386_New_South_Wales_20200304_null_1","epi_isl_417392_New_South_Wales_20200310_null_2","epi_isl_417393_New_South_Wales_20200308_null_1","epi_isl_417413_Turkey_20200317_null_1","epi_isl_417427_Sint_Pieters_Woluwe_20200302_null_1","epi_isl_417445_Lombardy_20200224_null_1","epi_isl_417487_Oslo_20200301_null_2","epi_isl_417529_Luxembourg_20200318_null_1","epi_isl_417572_Reykjavik_20200317_null_1","epi_isl_417682_Reykjavik_20200310_null_1","epi_isl_417797_Reykjavik_20200313_null_1","epi_isl_417816_Reykjavik_20200316_null_3","epi_isl_417979_Madrid_20200303_null_1","epi_isl_418017_Portugal_20200316_null_1","epi_isl_418062_Washington_20200314_null_1","epi_isl_418082_Washington_20200315_null_1","epi_isl_418182_Madrid_20200312_null_6","epi_isl_418251_Madrid_20200225_null_1","epi_isl_418304_Derbyshire_20200324_null_1","epi_isl_418329_Ontario_20200312_null_7","epi_isl_418359_Ontario_20200312_null_2042","epi_isl_418432_ARA_20200318_null_343"],"selection":{},