{"sequences":23,"bl":{"Node40":0.004439509490986945,"epi_isl_411929_South_Korea_20200101_null_1":0.004438180385926035,"epi_isl_413015_Ontario_20200123_null_1":0.004441706114839405,"epi_isl_413879_Guangdong_20200205_null_1":0.004453537273018737,"epi_isl_414010_England_20200226_null_1":0,"epi_isl_414543_Noord_Brabant_20200301_null_1":0.004425812596443764,"epi_isl_414686_Guangdong_20200227_null_1":0.004469524459997427,"epi_isl_414688_Guangdong_20200225_null_2":0.004437902479156039,"epi_isl_416354_Shanghai_20200204_null_1":0.004440619822571876,"epi_isl_416374_Shanghai_20200207_null_1":0.004430201294935814,"epi_isl_416395_Shanghai_20200209_null_3":0,"epi_isl_416397_Shanghai_20200202_null_4":0.004440669959319528,"epi_isl_416412_Victoria_20200302_null_1":0.00443977600607164,"epi_isl_416496_Hauts_de_France_20200310_null_1":0.0044340325475275,"epi_isl_417285_England_20200306_null_1":0.00442556110409729,"epi_isl_417287_England_20200306_null_1":0.004440874035870933,"epi_isl_417413_Turkey_20200317_null_1":0.004450871126730004,"epi_isl_417969_Madrid_20200309_null_1":0.004440874205306251,"epi_isl_418041_Washington_20200314_null_1":0.004434044017020368,"epi_isl_418241_Boufarik_20200302_null_4":0.00444087412270251,"epi_isl_418260_Abruzzo_20200316_null_1":0,"epi_isl_418303_Derbyshire_20200325_null_1":0.004431098793647273,"epi_isl_418315_Derbyshire_20200325_null_2536":0,"epi_isl_418343_Ontario_20200310_null_1":0.004438662943568397},"total sequences":2567,"aminoacid variant sites":[],"all variant sites":[{"TAC":21,"TAT":2}],"any variation":20,"sites":76,"tree":"((epi_isl_413879_Guangdong_20200205_null_1,epi_isl_416395_Shanghai_20200209_null_3)Node40,epi_isl_418315_Derbyshire_20200325_null_2536,epi_isl_418041_Washington_20200314_null_1,epi_isl_414686_Guangdong_20200227_null_1,epi_isl_418303_Derbyshire_20200325_null_1,epi_isl_418241_Boufarik_20200302_null_4,epi_isl_414543_Noord_Brabant_20200301_null_1,epi_isl_417285_England_20200306_null_1,epi_isl_417287_England_20200306_null_1,epi_isl_411929_South_Korea_20200101_null_1,epi_isl_413015_Ontario_20200123_null_1,epi_isl_417969_Madrid_20200309_null_1,epi_isl_416374_Shanghai_20200207_null_1,epi_isl_418343_Ontario_20200310_null_1,epi_isl_416496_Hauts_de_France_20200310_null_1,epi_isl_414688_Guangdong_20200225_null_2,epi_isl_416412_Victoria_20200302_null_1,epi_isl_416397_Shanghai_20200202_null_4,epi_isl_416354_Shanghai_20200204_null_1,epi_isl_414010_England_20200226_null_1,epi_isl_418260_Abruzzo_20200316_null_1,epi_isl_417413_Turkey_20200317_null_1)","MAF":0.2,"L":0.004439509490986945,"p":0.1,"branch_names":["Node24","Node40","epi_isl_411929_South_Korea_20200101_null_1","epi_isl_413015_Ontario_20200123_null_1","epi_isl_413879_Guangdong_20200205_null_1","epi_isl_414010_England_20200226_null_1","epi_isl_414543_Noord_Brabant_20200301_null_1","epi_isl_414686_Guangdong_20200227_null_1","epi_isl_414688_Guangdong_20200225_null_2","epi_isl_416354_Shanghai_20200204_null_1","epi_isl_416374_Shanghai_20200207_null_1","epi_isl_416395_Shanghai_20200209_null_3","epi_isl_416397_Shanghai_20200202_null_4","epi_isl_416412_Victoria_20200302_null_1","epi_isl_416496_Hauts_de_France_20200310_null_1","epi_isl_417285_England_20200306_null_1","epi_isl_417287_England_20200306_null_1","epi_isl_417413_Turkey_20200317_null_1","epi_isl_417969_Madrid_20200309_null_1","epi_isl_418041_Washington_20200314_null_1","epi_isl_418241_Boufarik_20200302_null_4","epi_isl_418260_Abruzzo_20200316_null_1","epi_isl_418303_Derbyshire_20200325_null_1","epi_isl_418315_Derbyshire_20200325_null_2536","epi_isl_418343_Ontario_20200310_null_1"],"selection":{},"map":[0,1,2,3,4,5,6,7,8,9,10,11,12,13,14,15,16,17,18,19,20,21,22,23,24,25,26,27,28,29,30,31,32,33,34,35,36,37,38,39,40,41,42,43,44,45,46,47,48,49,50,51,52,53,54,55,56,57,58,59,60,61,62,63,64,65,66,67,68,69,70,71,72,73,74,-8749],"dN/dS":{"internal":[[0,1]],"leaves":[[1.006304376992104,1]]}}