{"sequences":35,"bl":{"Node32":0.002763765507212159,"epi_isl_402120_Hubei_20200101_null_1":0.002767394112917218,"epi_isl_408482_Shandong_20200119_null_1":0.002774545373387855,"epi_isl_408487_Henan_20200120_null_1":0.002767225136211261,"epi_isl_413221_Scotland_20200302_null_1":0.0027659599807296,"epi_isl_413852_Guangdong_20200130_null_1":0,"epi_isl_415610_Washington_20200308_null_1":0,"epi_isl_416320_Shanghai_20200128_null_1":0.002764482753481693,"epi_isl_416345_Shanghai_20200204_null_1":0.005543125379613737,"epi_isl_416367_Shanghai_20200201_null_1":0.002766359482353748,"epi_isl_416378_Shanghai_20200130_null_2":0.002764426045558621,"epi_isl_416384_Shanghai_20200204_null_1":0.00277424008251379,"epi_isl_416392_Shanghai_20200202_null_1":0.002773412017469037,"epi_isl_416425_Hangzhou_20200203_null_1":0.002772374923591705,"epi_isl_416441_Washington_20200310_null_1":0.00276678827405287,"epi_isl_416458_Hawali_20200302_null_1":0.002768522247206853,"epi_isl_417245_England_20200302_null_1":0,"epi_isl_417253_England_20200303_null_1":0,"epi_isl_417374_Washington_20200315_null_1":0.002763818445176515,"epi_isl_417547_Reykjavik_20200317_null_1":0.00276739411456693,"epi_isl_417584_Reykjavik_20200317_null_1":0.002765960040248359,"epi_isl_417697_Reykjavik_20200304_null_1":0.00276722461669117,"epi_isl_417752_Reykjavik_20200316_null_2":0.002768865261895694,"epi_isl_417787_Reykjavik_20200312_null_1":0.002764482841004324,"epi_isl_417823_Reykjavik_20200316_null_2":0.002767224610277251,"epi_isl_417873_Reykjavik_20200310_null_1":0.002767224608375537,"epi_isl_417969_Madrid_20200309_null_1":0.002765191209509103,"epi_isl_418009_Portugal_20200315_null_1":0.002768579488451364,"epi_isl_418045_Washington_20200314_null_4":0.002767224609346544,"epi_isl_418074_Washington_20200315_null_4":0.002765082190934498,"epi_isl_418096_Wales_20200312_null_2":0.002766901277366101,"epi_isl_418140_Wales_20200315_null_3":0,"epi_isl_418164_Wales_20200317_null_1":0.005548093909095944,"epi_isl_418228_Hauts_de_France_20200312_null_1":0.002767224627275783,"epi_isl_418332_Ontario_20200311_null_2":0.002768406493439552,"epi_isl_418415_ARA_20200315_null_2426":0},"total sequences":2473,"aminoacid variant sites":[],"all variant sites":[],"any variation":32,"sites":121,"tree":"(epi_isl_418228_Hauts_de_France_20200312_null_1,epi_isl_418096_Wales_20200312_null_2,epi_isl_418332_Ontario_20200311_null_2,epi_isl_417823_Reykjavik_20200316_null_2,epi_isl_416392_Shanghai_20200202_null_1,epi_isl_417787_Reykjavik_20200312_null_1,epi_isl_417752_Reykjavik_20200316_null_2,epi_isl_416320_Shanghai_20200128_null_1,epi_isl_416425_Hangzhou_20200203_null_1,epi_isl_417969_Madrid_20200309_null_1,epi_isl_418164_Wales_20200317_null_1,epi_isl_418415_ARA_20200315_null_2426,epi_isl_402120_Hubei_20200101_null_1,epi_isl_418074_Washington_20200315_null_4,epi_isl_413221_Scotland_20200302_null_1,epi_isl_418009_Portugal_20200315_null_1,epi_isl_413852_Guangdong_20200130_null_1,epi_isl_417253_England_20200303_null_1,epi_isl_417245_England_20200302_null_1,epi_isl_415610_Washington_20200308_null_1,epi_isl_417697_Reykjavik_20200304_null_1,epi_isl_408482_Shandong_20200119_null_1,epi_isl_417584_Reykjavik_20200317_null_1,(epi_isl_416367_Shanghai_20200201_null_1,epi_isl_418140_Wales_20200315_null_3)Node32,epi_isl_408487_Henan_20200120_null_1,epi_isl_418045_Washington_20200314_null_4,epi_isl_416378_Shanghai_20200130_null_2,epi_isl_416458_Hawali_20200302_null_1,epi_isl_417873_Reykjavik_20200310_null_1,epi_isl_416384_Shanghai_20200204_null_1,epi_isl_416441_Washington_20200310_null_1,epi_isl_417547_Reykjavik_20200317_null_1,epi_isl_416345_Shanghai_20200204_null_1,epi_isl_417374_Washington_20200315_null_1)","MAF":0.2,"L":0.002763765507212159,"p":0.1,"branch_names":["Node32","Node36","epi_isl_402120_Hubei_20200101_null_1","epi_isl_408482_Shandong_20200119_null_1","epi_isl_408487_Henan_20200120_null_1","epi_isl_413221_Scotland_20200302_null_1","epi_isl_413852_Guangdong_20200130_null_1","epi_isl_415610_Washington_20200308_null_1","epi_isl_416320_Shanghai_20200128_null_1","epi_isl_416345_Shanghai_20200204_null_1","epi_isl_416367_Shanghai_20200201_null_1","epi_isl_416378_Shanghai_20200130_null_2","epi_isl_416384_Shanghai_20200204_null_1","epi_isl_416392_Shanghai_20200202_null_1","epi_isl_416425_Hangzhou_20200203_null_1","epi_isl_416441_Washington_20200310_null_1","epi_isl_416458_Hawali_20200302_null_1","epi_isl_417245_England_20200302_null_1","epi_isl_417253_England_20200303_null_1","epi_isl_417374_Washington_20200315_null_1","epi_isl_417547_Reykjavik_20200317_null_1","epi_isl_417584_Reykjavik_20200317_null_1","epi_isl_417697_Reykjavik_20200304_null_1","epi_isl_417752_Reykjavik_20200316_null_2","epi_isl_417787_Reykjavik_20200312_null_1","epi_isl_417823_Reykjavik_20200316_null_2","epi_isl_417873_Reykjavik_20200310_null_1","epi_isl_417969_Madrid_20200309_null_1","epi_isl_418009_Portugal_20200315_null_1","epi_isl_418045_Washington_20200314_null_4","epi_isl_418074_Washington_20200315_null_4","epi_isl_418096_Wales_20200312_null_2","epi_isl_418140_Wales_20200315_null_3","epi_isl_418164_Wales_20200317_null_1","epi_isl_418228_Hauts_de_France_20200312_null_1","epi_isl_418332_Ontario_20200311_null_2","epi_isl_418415_ARA_20200315_null_2426"],"selection":{},"map":[0,1,2,3,4,5,6,7,8,9,10,11,12,13,14,15,16,17,18,19,20,21,22,23,24,25,26,27,28,29,30,31,32,33,34,35,36,37,38,39,40,41,42,43,44,45,46,47,48,49,50,51,52,53,54,55,56,57,58,59,60,61,62,63,64,65,66,67,68,69,70,71,72,73,74,75,76,77,78,79,80,81,82,83,84,85,86,87,88,89,90,91,92,93,94,95,96,97,98,99,100,101,102,103,104,105,106,107,108,109,110,111,112,113,114,115,116,117,118,119,120],"dN/dS":{"internal":[[0,1]],"leaves":[[1.067260875707685,1]]}}