{"sequences":45,"bl":{"Node28":0.001137688825642492,"epi_isl_402121_Hubei_20191230_null_1":0.002279991536678579,"epi_isl_402127_Hubei_20191230_null_1":0.001138805983424088,"epi_isl_411929_South_Korea_20200101_null_1":0.001138555493712535,"epi_isl_414007_England_20200228_null_3":0.001138025358591795,"epi_isl_414558_Zuid_Holland_20200306_null_1":0.001138025480041481,"epi_isl_414567_Hong_Kong_20200210_null_1":0.001138555387291839,"epi_isl_414588_Minnesota_20200305_null_1":0.001138632063727874,"epi_isl_414590_Minnesota_20200309_null_1":0.001138179799796909,"epi_isl_415453_Wales_20200310_null_1":0.001137866451423202,"epi_isl_415492_Netherlands_20200310_null_2":0.001137866451423202,"epi_isl_415622_Washington_20200309_null_1":0.001138865379315948,"epi_isl_415644_Tbilisi_20200228_null_1":0.001139456402907318,"epi_isl_415742_Taoyuan_20200227_null_1":0.001138805855055416,"epi_isl_416153_Copenhagen_20200302_null_1":0.00113825188615017,"epi_isl_416346_Shanghai_20200130_null_1":0,"epi_isl_416383_Shanghai_20200201_null_1":0.00227860888460116,"epi_isl_416401_Shanghai_20200202_null_2":0.001138865275745227,"epi_isl_416429_Vinhphuc_20200211_null_1":0.001138536532816737,"epi_isl_416613_unknown_20200217_null_1":0.001138865264659478,"epi_isl_416703_Washington_20200313_null_1":0.001138612811025911,"epi_isl_416704_Washington_20200315_null_1":0.001139051729171228,"epi_isl_416709_Washington_20200313_null_1":0.001141943798070501,"epi_isl_417005_Li_ge_20200305_null_1":0.001138612696723551,"epi_isl_417013_Li_ge_20200309_null_1":0.001139105874084628,"epi_isl_417177_Hong_Kong_20200123_null_1":0.001142077974912243,"epi_isl_417333_ARA_20200304_null_3":0.001138865381044075,"epi_isl_417347_Washington_20200312_null_1":0.001138865264659478,"epi_isl_417388_New_South_Wales_20200305_null_1":0.001138865381044075,"epi_isl_417503_Minnesota_20200314_null_2":0.001137866451423202,"epi_isl_417538_Reykjavik_20200317_null_1":0.001137866465398753,"epi_isl_417969_Madrid_20200309_null_2":0.001138073549770505,"epi_isl_418022_Portugal_20200315_null_1":0.001138073549770505,"epi_isl_418164_Wales_20200317_null_2":0.001138865275745227,"epi_isl_418184_Wisconsin_20200318_null_1":0.003425799710984815,"epi_isl_418186_Wisconsin_20200323_null_1":0.001141281991372857,"epi_isl_418197_New_York_20200315_null_2":0.001137966091374496,"epi_isl_418239_Hauts_de_France_20200316_null_3":0.001138073549770505,"epi_isl_418251_Madrid_20200225_null_1":0.001138865264659478,"epi_isl_418252_Madrid_20200304_null_1":0.001142675688667306,"epi_isl_418314_South_Yorkshire_20200325_null_2372":0,"epi_isl_418324_Ontario_20200311_null_3":0.00113880586371606,"epi_isl_418357_Ontario_20200312_null_1":0.001137913516834377,"epi_isl_418405_Finland_20200314_null_1":0.001139107049682857,"epi_isl_418407_Helsinki_20200314_null_2":0.001139141971782327,"epi_isl_418411_Helsinki_20200314_null_3":0.001138073549770505},"total sequences":2433,"aminoacid variant sites":[{"S":43,"F":2}],"all variant sites":[{"CTT":43,"CTC":2},{"TCT":43,"TTT":2}],"any variation":43,"sites":299,"tree":"(epi_isl_418357_Ontario_20200312_null_1,epi_isl_417503_Minnesota_20200314_null_2,epi_isl_417969_Madrid_20200309_null_2,epi_isl_415742_Taoyuan_20200227_null_1,epi_isl_417177_Hong_Kong_20200123_null_1,epi_isl_418251_Madrid_20200225_null_1,epi_isl_415622_Washington_20200309_null_1,epi_isl_416704_Washington_20200315_null_1,(epi_isl_414590_Minnesota_20200309_null_1,epi_isl_416346_Shanghai_20200130_null_1)Node28,epi_isl_414588_Minnesota_20200305_null_1,epi_isl_418411_Helsinki_20200314_null_3,epi_isl_416401_Shanghai_20200202_null_2,epi_isl_418184_Wisconsin_20200318_null_1,epi_isl_418407_Helsinki_20200314_null_2,epi_isl_417388_New_South_Wales_20200305_null_1,epi_isl_402121_Hubei_20191230_null_1,epi_isl_417013_Li_ge_20200309_null_1,epi_isl_417333_ARA_20200304_null_3,epi_isl_414007_England_20200228_null_3,epi_isl_416429_Vinhphuc_20200211_null_1,epi_isl_417005_Li_ge_20200305_null_1,epi_isl_402127_Hubei_20191230_null_1,epi_isl_418197_New_York_20200315_null_2,epi_isl_418022_Portugal_20200315_null_1,epi_isl_416703_Washington_20200313_null_1,epi_isl_418186_Wisconsin_20200323_null_1,epi_isl_418324_Ontario_20200311_null_3,epi_isl_418239_Hauts_de_France_20200316_null_3,epi_isl_417347_Washington_20200312_null_1,epi_isl_416383_Shanghai_20200201_null_1,epi_isl_418405_Finland_20200314_null_1,epi_isl_415453_Wales_20200310_null_1,epi_isl_416613_unknown_20200217_null_1,epi_isl_411929_South_Korea_20200101_null_1,epi_isl_416153_Copenhagen_20200302_null_1,epi_isl_417538_Reykjavik_20200317_null_1,epi_isl_418164_Wales_20200317_null_2,epi_isl_418252_Madrid_20200304_null_1,epi_isl_418314_South_Yorkshire_20200325_null_2372,epi_isl_414567_Hong_Kong_20200210_null_1,epi_isl_416709_Washington_20200313_null_1,epi_isl_415492_Netherlands_20200310_null_2,epi_isl_414558_Zuid_Holland_20200306_null_1,epi_isl_415644_Tbilisi_20200228_null_1)","MAF":0.2,"L":0.001137688825642492,"p":0.1,"branch_names":["Node28","Node46","epi_isl_402121_Hubei_20191230_null_1","epi_isl_402127_Hubei_20191230_null_1","epi_isl_411929_South_Korea_20200101_null_1","epi_isl_414007_England_20200228_null_3","epi_isl_414558_Zuid_Holland_20200306_null_1","epi_isl_414567_Hong_Kong_20200210_null_1","epi_isl_414588_Minnesota_20200305_null_1","epi_isl_414590_Minnesota_20200309_null_1","epi_isl_415453_Wales_20200310_null_1","epi_isl_415492_Netherlands_20200310_null_2","epi_isl_415622_Washington_20200309_null_1","epi_isl_415644_Tbilisi_20200228_null_1","epi_isl_415742_Taoyuan_20200227_null_1","epi_isl_416153_Copenhagen_20200302_null_1","epi_isl_416346_Shanghai_20200130_null_1","epi_isl_416383_Shanghai_20200201_null_1","epi_isl_416401_Shanghai_20200202_null_2","epi_isl_416429_Vinhphuc_20200211_null_1","epi_isl_416613_unknown_20200217_null_1","epi_isl_416703_Washington_20200313_null_1","epi_isl_416704_Washington_20200315_null_1","epi_isl_416709_Washington_20200313_null_1","epi_isl_417005_Li_ge_20200305_null_1","epi_isl_417013_Li_ge_20200309_null_1","epi_isl_417177_Hong_Kong_20200123_null_1","epi_isl_417333_ARA_20200304_null_3","epi_isl_417347_Washington_20200312_null_1","epi_isl_417388_New_South_Wales_20200305_null_1","epi_isl_417503_Minnesota_20200314_null_2","epi_isl_417538_Reykjavik_20200317_null_1","epi_isl_417969_Madrid_20200309_null_2","epi_isl_418022_Portugal_20200315_null_1","epi_isl_418164_Wales_20200317_null_2","epi_isl_418184_Wisconsin_20200318_null_1","epi_isl_418186_Wisconsin_20200323_null_1","epi_isl_418197_New_York_20200315_null_2","epi_isl_418239_Hauts_de_France_20200316_null_3","epi_isl_418251_Madrid_20200225_null_1","epi_isl_418252_Madrid_20200304_null_1","epi_isl_418314_South_Yorkshire_20200325_null_2372","epi_isl_418324_Ontario_20200311_null_3","epi_isl_418357_Ontario_20200312_null_1","epi_isl_418405_Finland_20200314_null_1","epi_isl_418407_Helsinki_20200314_null_2","epi_isl_418411_Helsinki_20200314_null_3"],"selection":{},"map":[0,1,2,3,4,5,6,7,8,9,10,11,12,13,14,15,16,17,18,19,20,21,22,23,24,25,26,27,28,29,30,31,32,33,34,35,36,37,38,39,40,41,42,43,44,45,46,47,48,49,50,51,52,53,54,55,56,57,58,59,60,61,62,63,64,65,66,67,68,69,70,71,72,73,74,75,76,77,78,79,80,81,82,83,84,85,86,87,88,89,90,91,92,93,94,95,96,97,98,99,100,101,102,103,104,105,106,107,108,109,110,111,112,113,114,115,116,117,118,119,120,121,122,123,124,125,126,127,128,129,130,131,132,133,134,135,136,137,138,139,140,141,142,143,144,145,146,147,148,149,150,151,152,153,154,155,156,157,158,159,160,161,162,163,164,165,166,167,168,169,170,171,172,173,174,175,176,177,178,179,180,181,182,183,184,185,186,187,188,189,190,191,192,193,194,195,196,197,198,199,200,201,202,203,204,205,206,207,208,209,210,211,212,213,214,215,216,217,218,219,220,221,222,223,224,225,226,227,228,229,230,231,232,233,234,235,236,237,238,239,240,241,-6887,242,243,244,245,246,247,248,249,250,251,252,253,254,255,256,257,258,259,260,261,262,263,264,265,266,267,268,269,270,271,272,273,274,275,276,277,278,279,280,281,282,283,284,285,286,287,288,289,290,291,292,293,294,295,296,297],"dN/dS":{"internal":[[0,1]],