{"sequences":41,"bl":{"Node19":0.001054141423190631,"Node28":0.00107340207049271,"epi_isl_404227_Zhejiang_20200116_null_1":0.001859507766152003,"epi_isl_406595_Guandong_20200116_null_1":0.001859994546623718,"epi_isl_406799_Wuhan_20191231_null_1":0.003729153234589072,"epi_isl_408009_California_20200129_null_2":0.001860936538243296,"epi_isl_408483_Shanghai_20200120_null_1":0.00373390663193616,"epi_isl_413747_China_20200201_null_1":0.002089832665251705,"epi_isl_413752_China_20200201_null_1":0.002055208069495615,"epi_isl_413851_Guangdong_20200130_null_1":0.001859473577953747,"epi_isl_413870_Guangdong_20200228_null_1":0.001859473578034342,"epi_isl_414934_Shandong_20200121_null_1":0.001860405778617744,"epi_isl_415544_Utah_20200313_null_2":0.001869705383231845,"epi_isl_415580_British_Columbia_20200228_null_1":0.001860405778607871,"epi_isl_416366_Shanghai_20200130_null_1":0.001860895050862162,"epi_isl_416402_Shanghai_20200211_null_1":0.001859579848416447,"epi_isl_416650_USA_20200310_null_1":0.001859773986327898,"epi_isl_416689_Washington_20200314_null_2":0.003747464574153685,"epi_isl_416713_Washington_20200315_null_1":0.001860504716059579,"epi_isl_416726_Washington_20200313_null_1":0.001859859841169793,"epi_isl_416758_ARA_20200308_null_1":0.001859579848356466,"epi_isl_416829_Selangor_20200220_null_1":0.001859420407357167,"epi_isl_417067_Washington_20200303_null_1":0.001859958764798121,"epi_isl_417094_Washington_20200228_null_1":0.001860949241931899,"epi_isl_417178_Hong_Kong_20200125_null_1":0.001859420407469083,"epi_isl_417347_Washington_20200312_null_1":0.001860949241644322,"epi_isl_417366_Washington_20200314_null_2":0.001859958764798121,"epi_isl_417413_Turkey_20200317_null_1":0.003736831846433716,"epi_isl_417430_Vorst_20200303_null_1":0.0008053689832135634,"epi_isl_417619_Reykjavik_20200318_null_2":0.001860271340166569,"epi_isl_417794_Reykjavik_20200312_null_1":0.001859420407391343,"epi_isl_417798_Reykjavik_20200313_null_3":0.001859420407435212,"epi_isl_417830_Reykjavik_20200316_null_1":0.001860425183604337,"epi_isl_417837_Reykjavik_20200316_null_8":0.001860026830652441,"epi_isl_417969_Madrid_20200309_null_1":0.001859806703924924,"epi_isl_417973_Utah_20200324_null_1":0.0007985772684299587,"epi_isl_418045_Washington_20200314_null_3":0.001862855841692666,"epi_isl_418141_Wales_20200313_null_7":0.001859905632446047,"epi_isl_418227_Hauts_de_France_20200312_null_3":0.001860509874523317,"epi_isl_418411_Helsinki_20200314_null_66":0.001859968683962499,"epi_isl_418415_ARA_20200315_null_3":0.001859859841073908,"epi_isl_418428_ARA_20200317_null_16":0.001859579848270766,"epi_isl_418432_ARA_20200318_null_2275":0},"total sequences":2421,"aminoacid variant sites":[],"all variant sites":[],"any variation":40,"sites":180,"tree":"(epi_isl_418227_Hauts_de_France_20200312_null_3,epi_isl_417178_Hong_Kong_20200125_null_1,epi_isl_415544_Utah_20200313_null_2,epi_isl_416713_Washington_20200315_null_1,epi_isl_417837_Reykjavik_20200316_null_8,epi_isl_418415_ARA_20200315_null_3,epi_isl_416758_ARA_20200308_null_1,epi_isl_406595_Guandong_20200116_null_1,epi_isl_408483_Shanghai_20200120_null_1,epi_isl_417969_Madrid_20200309_null_1,epi_isl_417067_Washington_20200303_null_1,epi_isl_406799_Wuhan_20191231_null_1,epi_isl_415580_British_Columbia_20200228_null_1,epi_isl_416726_Washington_20200313_null_1,epi_isl_416402_Shanghai_20200211_null_1,epi_isl_417094_Washington_20200228_null_1,epi_isl_417794_Reykjavik_20200312_null_1,epi_isl_413851_Guangdong_20200130_null_1,epi_isl_408009_California_20200129_null_2,epi_isl_417413_Turkey_20200317_null_1,epi_isl_416650_USA_20200310_null_1,(epi_isl_413747_China_20200201_null_1,epi_isl_417430_Vorst_20200303_null_1)Node19,epi_isl_404227_Zhejiang_20200116_null_1,epi_isl_417830_Reykjavik_20200316_null_1,epi_isl_417619_Reykjavik_20200318_null_2,(epi_isl_413752_China_20200201_null_1,epi_isl_417973_Utah_20200324_null_1)Node28,epi_isl_418411_Helsinki_20200314_null_66,epi_isl_416829_Selangor_20200220_null_1,epi_isl_416366_Shanghai_20200130_null_1,epi_isl_418428_ARA_20200317_null_16,epi_isl_417798_Reykjavik_20200313_null_3,epi_isl_413870_Guangdong_20200228_null_1,epi_isl_418045_Washington_20200314_null_3,epi_isl_416689_Washington_20200314_null_2,epi_isl_418432_ARA_20200318_null_2275,epi_isl_418141_Wales_20200313_null_7,epi_isl_417366_Washington_20200314_null_2,epi_isl_414934_Shandong_20200121_null_1,epi_isl_417347_Washington_20200312_null_1)","MAF":0.2,"L":0.0021275434936833407,"p":0.1,"branch_names":["Node19","Node28","Node43","epi_isl_404227_Zhejiang_20200116_null_1","epi_isl_406595_Guandong_20200116_null_1","epi_isl_406799_Wuhan_20191231_null_1","epi_isl_408009_California_20200129_null_2","epi_isl_408483_Shanghai_20200120_null_1","epi_isl_413747_China_20200201_null_1","epi_isl_413752_China_20200201_null_1","epi_isl_413851_Guangdong_20200130_null_1","epi_isl_413870_Guangdong_20200228_null_1","epi_isl_414934_Shandong_20200121_null_1","epi_isl_415544_Utah_20200313_null_2","epi_isl_415580_British_Columbia_20200228_null_1","epi_isl_416366_Shanghai_20200130_null_1","epi_isl_416402_Shanghai_20200211_null_1","epi_isl_416650_USA_20200310_null_1","epi_isl_416689_Washington_20200314_null_2","epi_isl_416713_Washington_20200315_null_1","epi_isl_416726_Washington_20200313_null_1","epi_isl_416758_ARA_20200308_null_1","epi_isl_416829_Selangor_20200220_null_1","epi_isl_417067_Washington_20200303_null_1","epi_isl_417094_Washington_20200228_null_1","epi_isl_417178_Hong_Kong_20200125_null_1","epi_isl_417347_Washington_20200312_null_1","epi_isl_417366_Washington_20200314_null_2","epi_isl_417413_Turkey_20200317_null_1","epi_isl_417430_Vorst_20200303_null_1","epi_isl_417619_Reykjavik_20200318_null_2","epi_isl_417794_Reykjavik_20200312_null_1","epi_isl_417798_Reykjavik_20200313_null_3","epi_isl_417830_Reykjavik_20200316_null_1","epi_isl_417837_Reykjavik_20200316_null_8","epi_isl_417969_Madrid_20200309_null_1","epi_isl_417973_Utah_20200324_null_1","epi_isl_418045_Washington_20200314_null_3","epi_isl_418141_Wales_20200313_null_7","epi_isl_418227_Hauts_de_France_20200312_null_3","epi_isl_418411_Helsinki_20200314_null_66","epi_isl_418415_ARA_20200315_null_3","epi_isl_418428_ARA_20200317_null_16","epi_isl_418432_ARA_20200318_null_2275"],"selection":{"103":{"fel":0.0003757234789517616,"kind":"positive","MAF":0.0004132231404958553,"meme":0.0004943535090912166,"meme-fraction":0.99999999,"meme-branches":1,"substitutions":[0,1],"composition":{"L":2419,"F":1},"labels":{"keys":{"0":["F","TTT",1,0],"1":["L","CTT",0,0],"2":["-","---",0,0],"3":["F","TTT",0,0]},"values":[0,1,1,1,1,1,1,1,2,1,1,1,1,1,1,1,1,1,1,1,1,1,1,1,1,1,1,1,1,3,1,1,1,1,1,1,1,1,1,1,1,1,1,1]},"evolutionary_support":{"TTT":{"support":0.0,"aa":"F"},"CTT":{"support":0.394892716461705,"aa":"L"},"---":{"support":0.0,"aa":"-"}},"evolutionary_predictions":{"CTA":0.03203291880150019,"CTC":0.5615398719750829,"CTG":0.01051615981241975,"CTT":0.394892716461705,"TTA":0.0007812140928031805,"TTG":0.0002371188564888746},"counts":{"CTT":2419,"TTT":1},"timing":{"L":[{"keys":{"0":"20200116","1":"20191231","2":"20200129","3":"20200120","4":"20200201","5":"20200130","6":"20200228","7":"20200121","8":"20200313","9":"20200211","10":"20200310","11":"20200314","12":"20200315","13":"20200308","14":"20200124","15":"20200303","16":"20200125","17":"20200312","18":"20200317","19":"20200318","20":"20200316","21":"20200309","22":"20200319","23":"20200128","24":"20200311","25":"20200304","26":"20200216","27":"20200302","28":"20200101","29":"20200307","30":"20200306","31":"20200305","32":"20200227","33":"20200229","34":"20200301","35":"20200208","36":"20200221","37":"20200222","38":"20200212","39":"20200210","40":"20200209","41":"20200224","42":"20200225","43":"20200218","44":"20200202","45":"20200217","46":"20200123","47":"20200131","48":"20200215","49":"20200320","50":"20200126","51":"20200226","52":"20200223","53":"20200206","54":"20200207","55":"20200122","56":"20200204","57":"20200111","58":"20200115","59":"20200127","60":"20200205","61":"20200118",