{"sequences":18,"bl":{"Node31":0.002410201334452675,"Node6":0.002408779734543061,"epi_isl_411951_Sweden_20200207_null_1":0.004832841251413377,"epi_isl_414934_Shandong_20200121_null_1":0.002414348218546508,"epi_isl_415477_Netherlands_20200312_null_2":0.002409986743296939,"epi_isl_415486_Netherlands_20200313_null_1":0.002410464777325608,"epi_isl_415527_Utrecht_20200312_null_1":0.002409448600580597,"epi_isl_415593_Washington_20200310_null_1":0.004835085914432381,"epi_isl_415618_Washington_20200309_null_1":0.002407533773196407,"epi_isl_415652_Bourgogne_France_Comt_20200305_null_1":0.002410059480421932,"epi_isl_415699_Switzerland_20200227_null_2":0.002409378411425125,"epi_isl_416345_Shanghai_20200204_null_1":0.002412160331933808,"epi_isl_416355_Shanghai_20200204_null_2":0.002409625890760602,"epi_isl_416469_Kessel_Lo_20200303_null_2":0.002434096095002123,"epi_isl_417182_Hong_Kong_20200205_null_1":0,"epi_isl_417361_Washington_20200314_null_1":0,"epi_isl_417538_Reykjavik_20200317_null_1":0.002412503280460815,"epi_isl_417563_Reykjavik_20200316_null_1":0.002420151916469993,"epi_isl_418398_Finland_20200313_null_2":0.00240945678928144,"epi_isl_418432_ARA_20200318_null_2427":0},"total sequences":2449,"aminoacid variant sites":[],"all variant sites":[],"any variation":17,"sites":139,"tree":"(epi_isl_415593_Washington_20200310_null_1,epi_isl_418432_ARA_20200318_null_2427,epi_isl_415527_Utrecht_20200312_null_1,epi_isl_416345_Shanghai_20200204_null_1,epi_isl_417538_Reykjavik_20200317_null_1,epi_isl_415486_Netherlands_20200313_null_1,epi_isl_414934_Shandong_20200121_null_1,epi_isl_415652_Bourgogne_France_Comt_20200305_null_1,(epi_isl_411951_Sweden_20200207_null_1,epi_isl_417361_Washington_20200314_null_1)Node31,epi_isl_416355_Shanghai_20200204_null_2,epi_isl_417563_Reykjavik_20200316_null_1,epi_isl_415618_Washington_20200309_null_1,epi_isl_415699_Switzerland_20200227_null_2,epi_isl_415477_Netherlands_20200312_null_2,(epi_isl_416469_Kessel_Lo_20200303_null_2,epi_isl_417182_Hong_Kong_20200205_null_1)Node6,epi_isl_418398_Finland_20200313_null_2)","MAF":0.2,"L":0.004818981068995736,"p":0.1,"branch_names":["Node20","Node31","Node6","epi_isl_411951_Sweden_20200207_null_1","epi_isl_414934_Shandong_20200121_null_1","epi_isl_415477_Netherlands_20200312_null_2","epi_isl_415486_Netherlands_20200313_null_1","epi_isl_415527_Utrecht_20200312_null_1","epi_isl_415593_Washington_20200310_null_1","epi_isl_415618_Washington_20200309_null_1","epi_isl_415652_Bourgogne_France_Comt_20200305_null_1","epi_isl_415699_Switzerland_20200227_null_2","epi_isl_416345_Shanghai_20200204_null_1","epi_isl_416355_Shanghai_20200204_null_2","epi_isl_416469_Kessel_Lo_20200303_null_2","epi_isl_417182_Hong_Kong_20200205_null_1","epi_isl_417361_Washington_20200314_null_1","epi_isl_417538_Reykjavik_20200317_null_1","epi_isl_417563_Reykjavik_20200316_null_1","epi_isl_418398_Finland_20200313_null_2","epi_isl_418432_ARA_20200318_null_2427"],"selection":{},"map":[0,1,2,3,4,5,6,7,8,9,10,11,12,13,14,15,16,17,18,19,20,21,22,23,24,25,26,27,28,29,30,31,32,33,34,35,36,37,38,39,40,41,42,43,44,45,46,47,48,49,50,51,52,53,54,55,56,57,58,59,60,61,62,63,64,65,66,67,68,69,70,71,72,73,74,75,76,77,78,79,80,81,82,83,84,85,86,87,88,89,90,91,92,93,94,95,96,97,98,99,100,101,102,103,104,105,106,107,108,109,110,111,112,113,114,115,116,117,118,119,120,121,122,123,124,125,126,127,128,129,130,131,132,133,134,135,136,137,138],"dN/dS":{"internal":[[0,1]],"leaves":[[0.9507354913408611,1]]}}