{"sequences":13,"bl":{"Node6":0.008661760939780725,"Node7":4.873695134857951,"epi_isl_406799_Wuhan_20191231_null_1":0,"epi_isl_413619_USA_20200225_null_1":0.004277295338338028,"epi_isl_414467_Zuid_Holland_20200305_null_2":0.004276727052619955,"epi_isl_414625_Pays_de_la_Loire_20200226_null_1":0.004276098644035998,"epi_isl_416382_Shanghai_20200208_null_1":0.004276281159571266,"epi_isl_416405_Shanghai_20200202_null_1":0.004277110271325556,"epi_isl_417339_ARA_20200308_null_2":0.004263817522713597,"epi_isl_417445_Lombardy_20200224_null_1":0,"epi_isl_417977_Utah_20200324_null_1":0.004275638140359775,"epi_isl_418031_Washington_20200316_null_1":238.2782231569057,"epi_isl_418338_Ontario_20200312_null_1":0.004276179019740418,"epi_isl_418359_Ontario_20200312_null_8":0.004276374268909425,"epi_isl_418432_ARA_20200318_null_2543":0},"total sequences":2564,"aminoacid variant sites":[],"all variant sites":[],"any variation":22,"sites":83,"tree":"(epi_isl_417339_ARA_20200308_null_2,epi_isl_414467_Zuid_Holland_20200305_null_2,epi_isl_416382_Shanghai_20200208_null_1,epi_isl_417977_Utah_20200324_null_1,epi_isl_418338_Ontario_20200312_null_1,epi_isl_418432_ARA_20200318_null_2543,epi_isl_413619_USA_20200225_null_1,epi_isl_414625_Pays_de_la_Loire_20200226_null_1,epi_isl_416405_Shanghai_20200202_null_1,((epi_isl_406799_Wuhan_20191231_null_1,epi_isl_418031_Washington_20200316_null_1)Node7,epi_isl_417445_Lombardy_20200224_null_1)Node6,epi_isl_418359_Ontario_20200312_null_8)","MAF":0.2,"L":4.882356895797732,"p":0.1,"branch_names":["Node15","Node6","Node7","epi_isl_406799_Wuhan_20191231_null_1","epi_isl_413619_USA_20200225_null_1","epi_isl_414467_Zuid_Holland_20200305_null_2","epi_isl_414625_Pays_de_la_Loire_20200226_null_1","epi_isl_416382_Shanghai_20200208_null_1","epi_isl_416405_Shanghai_20200202_null_1","epi_isl_417339_ARA_20200308_null_2","epi_isl_417445_Lombardy_20200224_null_1","epi_isl_417977_Utah_20200324_null_1","epi_isl_418031_Washington_20200316_null_1","epi_isl_418338_Ontario_20200312_null_1","epi_isl_418359_Ontario_20200312_null_8","epi_isl_418432_ARA_20200318_null_2543"],"selection":{"9":{"fel":0.00948800716381415,"kind":"positive","MAF":0.0003903200624512104,"meme":0.0139359825713864,"meme-fraction":0.99999999,"meme-branches":1,"substitutions":[0,1],"composition":{"S":2561,"L":1},"labels":[["S","TCA",0,0],["L","TTA",1,0],["-","---",0,0],["-","---",0,0],["S","TCA",0,0],["S","TCA",0,0],["S","TCA",0,0],["S","TCA",0,0],["S","TCA",0,0],["S","TCA",0,0],["L","TTA",0,0],["S","TCA",0,0],["-","---",0,0],["S","TCA",0,0],["S","TCA",0,0],["S","TCA",0,0]],"evolutionary_support":{"TCA":{"support":0.8557717171172861,"aa":"S"},"TTA":{"support":9.621995488116681e-06,"aa":"L"},"---":{"support":0.0,"aa":"-"}},"evolutionary_predictions":{"ACA":8.766829584213179e-06,"ACT":1.151376103875996e-06,"AGG":1.738153977515527e-05,"ATG":1.005888903930373e-06,"CCA":0.000132992825407134,"CCC":1.821644217671995e-06,"CCG":3.041353251952374e-06,"CCT":1.747849751256239e-05,"CGG":1.796502947377441e-05,"GCA":2.050378399380001e-06,"GGG":2.711056469252488e-06,"TAC":2.024797923333932e-05,"TAT":0.0002194395388607938,"TCA":0.8557717171172861,"TCC":0.01170555679496403,"TCG":0.01947839376949494,"TCT":0.1123017710975579,"TGC":1.340600462036965e-05,"TGG":7.834140473523086e-05,"TGT":0.0001444407679528914,"TTA":9.621995488116681e-06,"TTG":4.095734991614947e-05,"TTT":5.950272209984239e-06},"counts":{"TCA":2561,"TTA":1},"timing":{"-":[["20191231","20200316"],["China","USA"],["Asia","North America"],[1,1]],"S":[{"keys":{"0":"20200225","1":"20200305","2":"20200304","3":"20200226","4":"20200208","5":"20200202","6":"20200308","7":"20200307","8":"20200320","9":"20200312","10":"20200318","11":"20200317","12":"20200316","13":"20200313","14":"20200323","15":"20200315","16":"20200303","17":"20200310","18":"20200314","19":"20200227","20":"20200309","21":"20200228","22":"20200311","23":"20200306","24":"20200301","25":"20200325","26":"20200122","27":"20200101","28":"20200302","29":"20200209","30":"20200130","31":"20200123","32":"20200121","33":"20200125","34":"20200203","35":"20200205","36":"20200207","37":"20200219","38":"20200229","39":"20200221","40":"20200222","41":"20200204","42":"20200224","43":"20200211","44":"20200220","45":"20200201","46":"20200128","47":"20200217","48":"20200212","49":"20200218","50":"20200213","51":"20200215","52":"20200210","53":"20200131","54":"20200126","55":"20200206","56":"20200129","57":"20200216","58":"20200223","59":"20200124","60":"20200324","61":"20200321","62":"20200127","63":"20191230","64":"20200214","65":"20200119","66":"20200118","67":"20200108","68":"20200113","69":"20200117","70":"20200115","71":"20200114","72":"20200105","73":"20200110","74":"20200319","75":"20200120","76":"20200116","77":"20191226","78":"20200102","79":"20200111","80":"20191231","81":"20191224","82":"20200322"},"values":[0,1,2,3,4,5,6,7,8,9,10,11,12,13,9,14,10,15,12,11,12,16,17,18,19,20,13,10,21,7,17,20,17,22,23,13,18,15,12,16,6,24,2,13,17,20,7,23,6,16,25,26,1,9,27,15,24,13,10,2,28,9,24,0,29,4,30,22,31,3,32,33,34,35,36,37,16,28,38,24,14,28,1,6,7,22,21,18,6,39,40,3,2,23,2,16,0,41,19,21,6,28,12,19,7,1,22,15,1,2,28,2,17,22,24,28,16,1,23,7,16,42,18,15,17,43,20,20,18,2,38,19,0,16,1,23,18,20,44,19,28,21,24,16,2,1,11,15,38,38,21,0,19,45,21,23,2,7,6,1,24,46,28,21,27,19,16,3,0,47,48,49,22,50,47,51,21,21,29,35,52,28,28,3,2,30,16,53,17,36,22,24,44,9,16,54,19,38,55,21,56,44,0,57,58,29,13,58,43,52,55,59,36,31,59,5,13,18,15,3,41,55,45,15,9,13,1,18,60,12,61,62,2,16,19,42,10,26,33,22,9,16,14,11,12,12,11,16,2,7,28,5,57,1,28,0,33,19,63,28,41,26,19,2,11,47,51,24,41,55,34,56,43,50,64,28,65,23,4,1,34,12,59,24,27,66,67,56,31,68,67,69,70,71,20,45,2,40,48,52,16,28,23,3,28,7,17,55,16,33,46,38,23,68,72,22,35,19,28,38,59,23,6,16,73,19,33,11,7,7,20,2,38,30,6,6,23,11,17,38,24,28,42,22,9,13,27,6,38,28,2,29,62,26,3,74,53,17,6,15,1,2,10,24,17,31,45,75,11,13,6,16,2,28,21,18,9,53,46,33,33,17,23,22,8,30,45,53,30,21,11,22,17,52,24,7,32,42,13,0,27,76,44,56,1,53,77,15,22,18,23,20,1,15,18,13,20,6,7,19,21,21,38,24,3,74,8,13,61,39,6,18,1,22,13,12,4,36,35,31,31,53,6,7,22,17,74,6,15,20,8,38,18,28,59,4,49,46,62,33,78,27,13,46,62,35,56,46,53,79,34,33,56,56,31,68,26,31,65,32,80,81,82,10,18,15,74,10,8,23,7,22,20,7,23,16,20,42,9,10,1,19,24]},{"keys":{"0":"USA","1":"Netherlands","2":"France","3":"China","4":"Canada","5":"Portugal","6":"Iceland","7":"Switzerland","8":"Luxembourg","9":"Taiwan","10":"Ecuador","11":"Germany","12":"United Kingdom","13":"Ireland","14":"Italy","15":"Vietnam","16":"Spain","17":"Greece","18":"Hong Kong","19":"Algeria","20":"Mexico","21":"New Zealand","22":"Slovakia","23":"Poland","24":"Russia","25":"Brazil","26":"Finland","27":"Panama","28":"Chile","29":"Japan","30":"Colombia","31":"Singapore","32":"Senegal","33":"South Korea","34":"Sweden","35":"Australia","36":"Denmark","37":"Georgia","38":"Democratic Republic of the Congo","39":"Norway","40":"Malaysia","41":"Pakistan","42":"Thailand","43":"Lithuania","44":"Belgium","45":"Kuwait","46":"Peru","47":"Czech Republic","48":"Nepal","49":"Nigeria","50":"India","51":"Hungary","52":"Saudi Arabia","53":"Cambodia","54":"South Africa"},