{
 "L": 0.004298038221272534,
 "all variant sites": [],
 "aminoacid variant sites": [],
 "any variation": 30,
 "dN/dS": {
  "internal": [
   [
    0,
    1
   ]
  ],
  "leaves": [
   [
    1.226425408290812,
    1
   ]
  ]
 },
 "map": [
  0,
  1,
  2,
  3,
  4,
  5,
  6,
  7,
  8,
  9,
  10,
  11,
  12,
  13,
  14,
  15,
  16,
  17,
  18,
  19,
  20,
  21,
  22,
  23,
  24,
  25,
  26,
  27,
  28,
  29,
  30,
  31,
  32,
  33,
  34,
  35,
  36,
  37,
  38,
  39,
  40,
  41,
  42,
  43,
  44,
  45,
  46,
  47,
  48,
  49,
  50,
  51,
  52,
  53,
  54,
  55,
  56,
  57,
  58,
  59,
  60,
  61,
  62,
  63,
  64,
  65,
  66,
  67,
  68,
  69,
  70,
  71,
  72,
  73,
  74,
  75,
  76,
  77,
  78,
  79,
  80,
  81,
  82,
  83,
  84,
  85,
  86,
  87,
  88,
  89,
  90,
  91,
  92,
  93,
  94,
  95,
  96,
  97,
  98,
  99,
  100,
  101,
  102,
  103,
  104,
  105,
  106,
  107,
  108,
  109,
  110,
  111,
  112,
  113,
  114,
  115,
  116,
  117,
  118,
  119,
  120
 ],
 "p": 0.1,
 "selection": {},
 "sequences": 33,
 "sites": 121,
 "total sequences": 2316,
 "tree": "(epi_isl_417600_Reykjavik_20200317_Illumina_1:0.002748,((((epi_isl_417800_Reykjavik_20200302_Illumina_1:0.002743,epi_isl_417174_Washington_20200301_Illumina_2:0.002748)Node5:1e-06,((((epi_isl_413214_New_South_Wales_20200229_Illumina_6:0.002743,epi_isl_416565_unknown_20200215_Illumina_4:0.002748)Node11:1e-06,(epi_isl_417379_Washington_20200315_Illumina_1:0.002743,epi_isl_402129_Hubei_20191230_Illumina_1:0.002748)Node14:1e-06)Node10:1e-06,((epi_isl_417722_Reykjavik_20200311_Illumina_1:0.002748,epi_isl_408668_Thanh_Hoa_20200124_Illumina_2:0.002748)Node18:1e-06,((epi_isl_417556_Reykjavik_20200317_Illumina_1:0.002748,epi_isl_416325_Shanghai_20200202_Illumina_1:0.002743)Node22:1e-06,(((epi_isl_416700_Washington_20200313_Illumina_5:0.002746,(epi_isl_416432_Riyadh_20200307_null_1:0.002752,epi_isl_417719_Reykjavik_20200313_Illumina_1:0.002748)Node29:1e-06)Node27:1e-06,(((epi_isl_417578_Reykjavik_20200317_Illumina_2:0.002746,(epi_isl_418233_Ile_de_France_20200315_Illumina_1:0.002748,epi_isl_416446_Washington_20200310_Illumina_1:0.002748)Node36:1e-06)Node34:1e-06,(epi_isl_416401_Shanghai_20200202_Illumina_1:0.00275,epi_isl_402128_Hubei_20191230_MGISEQ_2264:1e-06)Node39:1e-06)Node33:1e-06,((epi_isl_413863_Guangdong_20200201_metagenomics_BGI_1:0.011141,epi_isl_413486_Washington_20200301_Illumina_1:0.002747)Node43:1e-06,(epi_isl_408488_Jiangsu_20200119_Illumina_1:0.002752,(epi_isl_418122_Wales_20200313_Illumina_4:0.002745,epi_isl_416375_Shanghai_20200201_Illumina_1:0.002748)Node48:1e-06)Node46:1e-06)Node42:1e-06)Node32:1e-06)Node26:1e-06,(epi_isl_417979_Madrid_20200303_Ion_1:0.002743,epi_isl_418186_Wisconsin_2020_03_null_1:0.005504)Node51:1e-06)Node25:1e-06)Node21:1e-06)Node17:1e-06)Node9:1e-06,((epi_isl_416354_Shanghai_20200204_Illumina_1:1e-06,(epi_isl_418270_Antwerp_20200304_Nanopore_2:0.005556,epi_isl_413875_Guangdong_20200210_multiplex_pcr_nanopore_1:0.009410999999999999)Node57:1e-06)Node55:0.00551,epi_isl_416396_Shanghai_20200210_Illumina_1:0.002746)Node54:1e-06)Node8:1e-06)Node4:1e-06,epi_isl_418030_Washington_20200316_Illumina_1:0.002753)Node3:1e-06,epi_isl_417860_Reykjavik_20200308_Illumina_2:0.002753)Node2:1e-06,epi_isl_417917_Kuala_Lumpur_20200320_Illumina_1:0.002748)"
}